phase,step,max_steps,lr,loss,loss/raw_sum,loss/weighted_no_reg,loss/total,loss/g_ws,loss/delta_pos_x,mask/delta_pos_x_den,loss/delta_pos_y,mask/delta_pos_y_den,loss/delta_pos_z,mask/delta_pos_z_den,loss/delta_rot_x,mask/delta_rot_x_den,loss/delta_rot_y,mask/delta_rot_y_den,loss/delta_rot_z,mask/delta_rot_z_den,ws_acc,ws_precision,ws_recall,ws_f1,delta_pos_x_mae,delta_pos_x_rmse,delta_pos_y_mae,delta_pos_y_rmse,delta_pos_z_mae,delta_pos_z_rmse,delta_rot_x_mae,delta_rot_x_rmse,delta_rot_y_mae,delta_rot_y_rmse,delta_rot_z_mae,delta_rot_z_rmse
train,1000,200000,0.0001,-1.251969575881958,1.1740455627441406,1.1740455627441406,-1.251969575881958,0.44435587525367737,0.022361204028129578,18.0,0.030809342861175537,18.0,0.024974167346954346,18.0,0.17805734276771545,18.0,0.17836198210716248,18.0,0.2951256036758423,18.0,,,,,,,,,,,,,,,,
train,2000,200000,0.0001,-0.9540702700614929,1.471944808959961,1.471944808959961,-0.9540702700614929,0.3558941185474396,0.017230818048119545,13.0,0.015073283575475216,13.0,0.012434297241270542,13.0,0.31663209199905396,13.0,0.4800263047218323,13.0,0.27465391159057617,13.0,,,,,,,,,,,,,,,,
train,3000,200000,0.0001,-1.0644886493682861,1.361526370048523,1.361526370048523,-1.0644886493682861,0.3117522597312927,0.011896288022398949,18.0,0.020857201889157295,18.0,0.011615684255957603,18.0,0.34125766158103943,18.0,0.3550003468990326,18.0,0.30914685130119324,18.0,,,,,,,,,,,,,,,,
train,4000,200000,0.0001,-1.3595975637435913,1.0664175748825073,1.0664175748825073,-1.3595975637435913,0.18650050461292267,0.010877368040382862,16.0,0.011545736342668533,16.0,0.013780470937490463,16.0,0.3337087333202362,16.0,0.23045435547828674,16.0,0.2795504331588745,16.0,,,,,,,,,,,,,,,,
train,5000,200000,0.0001,-1.7541565895080566,0.6718584299087524,0.6718584299087524,-1.7541565895080566,0.36481592059135437,0.012464706785976887,15.0,0.006113953422755003,15.0,0.013286164961755276,15.0,0.08403968811035156,15.0,0.09818549454212189,15.0,0.09295250475406647,15.0,,,,,,,,,,,,,,,,
val,5000,200000,,-1.4973724645376205,0.9286426624283195,0.9286426624283195,-1.4973724645376205,0.33800151562318204,0.00913404374212405,4.95000000005,0.009738183139436956,4.95000000005,0.011896215194010438,4.95000000005,0.18105603498406708,4.95000000005,0.19123864619527012,4.95000000005,0.18757802789099515,4.95000000005,0.8555,0.8026868178001679,0.9465346534653465,0.8686960472512493,0.02244864735150277,0.031950103899077854,0.023519287030259618,0.032876432598142255,0.02719679761000655,0.03653519439852496,0.1995702997677856,0.27217442903255756,0.21332873799885163,0.2940642078897551,0.2051728599262659,0.28747558514844695
train,6000,200000,0.0001,-1.4399158954620361,0.986099123954773,0.986099123954773,-1.4399158954620361,0.2327449917793274,0.010030504316091537,13.0,0.007718198467046022,13.0,0.013755000196397305,13.0,0.2538582980632782,13.0,0.13779816031455994,13.0,0.33019399642944336,13.0,,,,,,,,,,,,,,,,
train,7000,200000,0.0001,-1.6092512607574463,0.8167638182640076,0.8167638182640076,-1.6092512607574463,0.31589189171791077,0.02668478898704052,12.0,0.013069052249193192,12.0,0.01436315756291151,12.0,0.12665918469429016,12.0,0.14020200073719025,12.0,0.17989374697208405,12.0,,,,,,,,,,,,,,,,
train,8000,200000,0.0001,-1.5142645835876465,0.9117504358291626,0.9117504358291626,-1.5142645835876465,0.2513118088245392,0.01058634277433157,15.0,0.01116841658949852,15.0,0.009076965041458607,15.0,0.25228428840637207,15.0,0.1800040602684021,15.0,0.19731858372688293,15.0,,,,,,,,,,,,,,,,
train,9000,200000,0.0001,-1.532193660736084,0.8938214182853699,0.8938214182853699,-1.532193660736084,0.5996571183204651,0.0027155696880072355,15.0,0.004469824954867363,15.0,0.0021344705019146204,15.0,0.1247609332203865,15.0,0.09296886622905731,15.0,0.06711466610431671,15.0,,,,,,,,,,,,,,,,
train,10000,200000,0.0001,-1.5203684568405151,0.9056466221809387,0.9056466221809387,-1.5203684568405151,0.5607939958572388,0.006314958445727825,20.0,0.005474635865539312,20.0,0.004067903850227594,20.0,0.10479893535375595,20.0,0.1080152839422226,20.0,0.11618097126483917,20.0,,,,,,,,,,,,,,,,
val,10000,200000,,-1.676459435224533,0.7495556985586882,0.7495556985586882,-1.676459435224533,0.2714935541478917,0.00665282714890509,4.95000000005,0.009019944853935157,4.95000000005,0.007444454785145354,4.95000000005,0.14471193679608405,4.95000000005,0.14712458154652266,4.95000000005,0.163108397917822,4.95000000005,0.884,0.8353448275862069,0.9594059405940594,0.8930875576036866,0.019748042235174453,0.026536522404875154,0.023893135063575977,0.031134112467939897,0.020362200543773596,0.02809724230414089,0.17048907527568363,0.24821443740702231,0.17328496355977324,0.24988449329567322,0.18804398660707955,0.2744995676244153
train,11000,200000,0.0001,-1.6477909088134766,0.7782243490219116,0.7782243490219116,-1.6477909088134766,0.1893668919801712,0.005900814197957516,18.0,0.008319060318171978,18.0,0.006018160376697779,18.0,0.17688874900341034,18.0,0.2112627625465393,18.0,0.180467888712883,18.0,,,,,,,,,,,,,,,,
train,12000,200000,0.0001,-1.5334975719451904,0.8925174474716187,0.8925174474716187,-1.5334975719451904,0.5945129990577698,0.010527665726840496,19.0,0.005171326454728842,19.0,0.007103380281478167,19.0,0.08849719911813736,19.0,0.12641465663909912,19.0,0.06029018759727478,19.0,,,,,,,,,,,,,,,,
train,13000,200000,0.0001,-1.8603734970092773,0.5656417012214661,0.5656417012214661,-1.8603734970092773,0.23559002578258514,0.00825162697583437,14.0,0.008892220444977283,14.0,0.005543034989386797,14.0,0.035216864198446274,14.0,0.16185735166072845,14.0,0.11029058694839478,14.0,,,,,,,,,,,,,,,,
train,14000,200000,0.0001,-1.649609088897705,0.7764061689376831,0.7764061689376831,-1.649609088897705,0.3054988384246826,0.008545288816094398,16.0,0.0043419962748885155,16.0,0.0016334012616425753,16.0,0.13370072841644287,16.0,0.16276602447032928,16.0,0.1599198877811432,16.0,,,,,,,,,,,,,,,,
train,15000,200000,0.0001,-1.9059739112854004,0.5200410485267639,0.5200410485267639,-1.9059739112854004,0.030443180352449417,0.004764152690768242,12.0,0.005414525046944618,12.0,0.0012910960940644145,12.0,0.10875368118286133,12.0,0.15745624899864197,12.0,0.2119181901216507,12.0,,,,,,,,,,,,,,,,
val,15000,200000,,-1.7479244214296341,0.67809071816504,0.67809071816504,-1.7479244214296341,0.26427123925182966,0.006719263479349138,4.95000000005,0.006178470678423764,4.95000000005,0.005832236132905617,4.95000000005,0.13594718096777797,4.95000000005,0.12196452173870057,4.95000000005,0.1371778069017455,4.95000000005,0.892,0.8440207972270364,0.9643564356435643,0.9001848428835489,0.01889870830945614,0.026273945715620233,0.01864484077074913,0.02579049002417283,0.018113058928466128,0.024870866971897308,0.16138759735557767,0.2409392320952243,0.14437110570795608,0.2075517993402131,0.16066494304122347,0.23008240020699947
train,16000,200000,0.0001,-1.8864156007766724,0.5395995378494263,0.5395995378494263,-1.8864156007766724,0.18902379274368286,0.004554836545139551,17.0,0.005968286655843258,17.0,0.007246218156069517,17.0,0.10110326111316681,17.0,0.13479985296726227,17.0,0.09690333902835846,17.0,,,,,,,,,,,,,,,,
train,17000,200000,0.0001,-1.9848694801330566,0.44114553928375244,0.44114553928375244,-1.9848694801330566,0.14619794487953186,0.008630752563476562,17.0,0.012313193641602993,17.0,0.009852622635662556,17.0,0.09395156055688858,17.0,0.10493624210357666,17.0,0.06526325643062592,17.0,,,,,,,,,,,,,,,,
train,18000,200000,0.0001,-1.5402858257293701,0.8857293128967285,0.8857293128967285,-1.5402858257293701,0.5376421809196472,0.004850046709179878,17.0,0.007297213189303875,17.0,0.012183654122054577,17.0,0.09704774618148804,17.0,0.1272342950105667,17.0,0.09947420656681061,17.0,,,,,,,,,,,,,,,,
train,19000,200000,0.0001,-1.681531310081482,0.7444836497306824,0.7444836497306824,-1.681531310081482,0.4577334225177765,0.0018876496469601989,10.0,0.0047522252425551414,10.0,0.003345998004078865,10.0,0.09227816015481949,10.0,0.08999200910329819,10.0,0.09449420869350433,10.0,,,,,,,,,,,,,,,,
train,20000,200000,0.0001,-1.7212913036346436,0.7047238945960999,0.7047238945960999,-1.7212913036346436,0.2126593440771103,0.006278859917074442,10.0,0.004002298228442669,10.0,0.00610255915671587,10.0,0.17876014113426208,10.0,0.10724715888500214,10.0,0.1896735280752182,10.0,,,,,,,,,,,,,,,,
val,20000,200000,,-1.7785663652420043,0.6474487685132772,0.6474487685132772,-1.7785663652420043,0.2515322180604562,0.005801666756306076,4.95000000005,0.005397182154893016,4.95000000005,0.005551913741946919,4.95000000005,0.12607057407032699,4.95000000005,0.12136272785573965,4.95000000005,0.13173249027342535,4.95000000005,0.896,0.857397504456328,0.9524752475247524,0.9024390243902439,0.01808526562809041,0.024656622288687147,0.017285918952859563,0.02355203757749123,0.018326955212449484,0.02432243805245112,0.14682553719842073,0.2099996497737797,0.14342699134440134,0.20478318196664583,0.15324416466885143,0.22916885572838366
train,21000,200000,0.0001,-1.8828470706939697,0.5431680083274841,0.5431680083274841,-1.8828470706939697,0.1599392145872116,0.008806097321212292,12.0,0.023360291495919228,12.0,0.00790551956743002,12.0,0.21756349503993988,12.0,0.08621692657470703,12.0,0.039376456290483475,12.0,,,,,,,,,,,,,,,,
train,22000,200000,0.0001,-1.8221379518508911,0.6038772463798523,0.6038772463798523,-1.8221379518508911,0.05815131589770317,0.0030538912396878004,18.0,0.0076132360845804214,18.0,0.004498475231230259,18.0,0.16962569952011108,18.0,0.18187223374843597,18.0,0.1790623962879181,18.0,,,,,,,,,,,,,,,,
train,23000,200000,0.0001,-1.5274300575256348,0.8985850811004639,0.8985850811004639,-1.5274300575256348,0.21104443073272705,0.005180752836167812,18.0,0.009456568397581577,18.0,0.009299573488533497,18.0,0.27297961711883545,18.0,0.17402666807174683,18.0,0.21659749746322632,18.0,,,,,,,,,,,,,,,,
train,24000,200000,0.0001,-1.4684467315673828,0.9575685262680054,0.9575685262680054,-1.4684467315673828,0.07770396769046783,0.002346778754144907,14.0,0.0038019686471670866,14.0,0.0059152948670089245,14.0,0.3401341736316681,14.0,0.19126756489276886,14.0,0.33639875054359436,14.0,,,,,,,,,,,,,,,,
train,25000,200000,0.0001,-1.8757721185684204,0.5502429604530334,0.5502429604530334,-1.8757721185684204,0.2819504141807556,0.003193499054759741,11.0,0.001956032356247306,11.0,0.0019473152933642268,11.0,0.07970555126667023,11.0,0.10768014937639236,11.0,0.07380996644496918,11.0,,,,,,,,,,,,,,,,
val,25000,200000,,-1.8093954050540924,0.6166197288222611,0.6166197288222611,-1.8093954050540924,0.23012766348780134,0.004126438416224118,4.95000000005,0.0042658732967174725,4.95000000005,0.005590648956294899,4.95000000005,0.11884353643516078,4.95000000005,0.12321328334510326,4.95000000005,0.13045228752773255,4.95000000005,0.9045,0.8527131782945736,0.9801980198019802,0.9120221096269,0.015040403019373465,0.020542607627173765,0.015094292993337442,0.02088770914542644,0.018019448264473766,0.0244823391500663,0.14063388360570175,0.2088868222985383,0.14595001901340002,0.233730325768487,0.1514803177780575,0.2241557499186721
train,26000,200000,0.0001,-1.863481879234314,0.5625331401824951,0.5625331401824951,-1.863481879234314,0.2257762998342514,0.0029336840379983187,15.0,0.0056779286824166775,15.0,0.0061072129756212234,15.0,0.12474841624498367,15.0,0.07225780189037323,15.0,0.12503182888031006,15.0,,,,,,,,,,,,,,,,
train,27000,200000,0.0001,-1.6499189138412476,0.7760962247848511,0.7760962247848511,-1.6499189138412476,0.27858683466911316,0.009491861797869205,11.0,0.002129233442246914,11.0,0.00814132485538721,11.0,0.18973638117313385,11.0,0.16038021445274353,11.0,0.1276303231716156,11.0,,,,,,,,,,,,,,,,
train,28000,200000,0.0001,-1.737118124961853,0.6888969540596008,0.6888969540596008,-1.737118124961853,0.3320644497871399,0.003331679617986083,12.0,0.006780596915632486,12.0,0.008766341023147106,12.0,0.12455245852470398,12.0,0.08949193358421326,12.0,0.12390949577093124,12.0,,,,,,,,,,,,,,,,
train,29000,200000,0.0001,-1.7858686447143555,0.6401463150978088,0.6401463150978088,-1.7858686447143555,0.007699298672378063,0.002776762004941702,14.0,0.0068013230338692665,14.0,0.0020799755584448576,14.0,0.15492470562458038,14.0,0.2539528012275696,14.0,0.21191143989562988,14.0,,,,,,,,,,,,,,,,
train,30000,200000,0.0001,-1.6426280736923218,0.7833868861198425,0.7833868861198425,-1.6426280736923218,0.4433685541152954,0.002146969549357891,12.0,0.0015605526277795434,12.0,0.0051425485871732235,12.0,0.07278653979301453,12.0,0.13290368020534515,12.0,0.1254781037569046,12.0,,,,,,,,,,,,,,,,
val,30000,200000,,-1.8015526077151298,0.6244625363219529,0.6244625363219529,-1.8015526077151298,0.25116527842124925,0.005516830718916026,4.95000000005,0.004760671966196241,4.95000000005,0.004003900211719156,4.95000000005,0.12655637880787254,4.95000000005,0.11445574043318629,4.95000000005,0.11800373471807689,4.95000000005,0.896,0.8450946643717728,0.9722772277227723,0.9042357274401474,0.01803856599944258,0.02375208418673827,0.016067222246636797,0.02181290422493718,0.015104338312239358,0.02040699864923379,0.14977256034811337,0.22790877520426195,0.13359539018887462,0.2089761389894107,0.14076028142989885,0.22989626086867607
train,31000,200000,0.0001,-1.6181217432022095,0.8078933954238892,0.8078933954238892,-1.6181217432022095,0.02217899076640606,0.005793136544525623,10.0,0.005806935019791126,10.0,0.0038258463609963655,10.0,0.25582313537597656,10.0,0.30630531907081604,10.0,0.20816007256507874,10.0,,,,,,,,,,,,,,,,
train,32000,200000,0.0001,-1.99117112159729,0.4348440170288086,0.4348440170288086,-1.99117112159729,0.1820758879184723,0.004537852015346289,11.0,0.002992678666487336,11.0,0.007229773793369532,11.0,0.07036799192428589,11.0,0.04970733821392059,11.0,0.11793249100446701,11.0,,,,,,,,,,,,,,,,
train,33000,200000,0.0001,-1.7114778757095337,0.7145374417304993,0.7145374417304993,-1.7114778757095337,0.29580676555633545,0.006622371729463339,20.0,0.00876864604651928,20.0,0.003705081297084689,20.0,0.15807890892028809,20.0,0.14727342128753662,20.0,0.09428219497203827,20.0,,,,,,,,,,,,,,,,
train,34000,200000,0.0001,-1.656120777130127,0.7698942422866821,0.7698942422866821,-1.656120777130127,0.45307186245918274,0.0019593045581132174,13.0,0.0015645748935639858,13.0,0.006595424842089415,13.0,0.09718836098909378,13.0,0.10628923028707504,13.0,0.10322554409503937,13.0,,,,,,,,,,,,,,,,
train,35000,200000,0.0001,-1.6289130449295044,0.7971022129058838,0.7971022129058838,-1.6289130449295044,0.37874871492385864,0.0037466385401785374,15.0,0.004186743404716253,15.0,0.005014376249164343,15.0,0.1344824582338333,15.0,0.12641941010951996,15.0,0.14450384676456451,15.0,,,,,,,,,,,,,,,,
val,35000,200000,,-1.8496726644039154,0.57634247103706,0.57634247103706,-1.8496726644039154,0.21658217992284334,0.0037564311119058402,4.95000000005,0.004588234967823155,4.95000000005,0.005873246282517357,4.95000000005,0.11616227350197733,4.95000000005,0.11214873612392694,4.95000000005,0.11723137207329273,4.95000000005,0.9095,0.8620087336244542,0.9772277227722772,0.9160092807424595,0.014377808492310871,0.019300191617794768,0.01648351517035579,0.0216700589568404,0.018088581196192388,0.024292040669795102,0.14300579445229636,0.2215702263141862,0.13937725063526268,0.22056421845005508,0.14332592768049,0.23453639362088483
train,36000,200000,0.0001,-1.755100131034851,0.6709149479866028,0.6709149479866028,-1.755100131034851,0.30696120858192444,0.003578866831958294,13.0,0.003872731002047658,13.0,0.0020428760908544064,13.0,0.1411910504102707,13.0,0.12496285885572433,13.0,0.08830536901950836,13.0,,,,,,,,,,,,,,,,
train,37000,200000,0.0001,-1.8714381456375122,0.5545768737792969,0.5545768737792969,-1.8714381456375122,0.2437070906162262,0.0015946610365062952,18.0,0.006010413635522127,18.0,0.005127699114382267,18.0,0.11042425036430359,18.0,0.09934544563293457,18.0,0.08836731314659119,18.0,,,,,,,,,,,,,,,,
train,38000,200000,0.0001,-1.9332420825958252,0.4927731454372406,0.4927731454372406,-1.9332420825958252,0.14705435931682587,0.005385284777730703,15.0,0.006888836622238159,15.0,0.005174632649868727,15.0,0.10105158388614655,15.0,0.11049523204565048,15.0,0.11672321707010269,15.0,,,,,,,,,,,,,,,,
train,39000,200000,0.0001,-1.7087007761001587,0.7173143625259399,0.7173143625259399,-1.7087007761001587,0.3898310661315918,0.004847676493227482,14.0,0.003859609365463257,14.0,0.004158975090831518,14.0,0.09342730045318604,14.0,0.08416862040758133,14.0,0.13702110946178436,14.0,,,,,,,,,,,,,,,,
train,40000,200000,0.0001,-1.8128308057785034,0.61318439245224,0.61318439245224,-1.8128308057785034,0.31594952940940857,0.0049163359217345715,17.0,0.010966637171804905,17.0,0.00532213831320405,17.0,0.08994702994823456,17.0,0.10852322727441788,17.0,0.07755948603153229,17.0,,,,,,,,,,,,,,,,
val,40000,200000,,-1.834093270301819,0.5919218712486327,0.5919218712486327,-1.834093270301819,0.21815502799116074,0.004214695318296435,4.95000000005,0.004920735219930066,4.95000000005,0.003900791379819566,4.95000000005,0.11687538112164475,4.95000000005,0.12109412048244848,4.95000000005,0.1227611189847812,4.95000000005,0.907,0.8545611015490534,0.9831683168316832,0.9143646408839778,0.014761173848363788,0.020160740152809473,0.017139618728084095,0.022310185658652504,0.01499309556681023,0.01997755718836724,0.13935726450925523,0.21732147615217212,0.1419827148167774,0.22022431164210063,0.14254998748726916,0.2311824494036114
train,41000,200000,0.0001,-1.4707667827606201,0.9552483558654785,0.9552483558654785,-1.4707667827606201,0.3774013817310333,0.0013082786463201046,15.0,0.0013930632267147303,15.0,0.006559050176292658,15.0,0.2258148193359375,15.0,0.17894798517227173,15.0,0.16382381319999695,15.0,,,,,,,,,,,,,,,,
train,42000,200000,0.0001,-1.9485580921173096,0.4774570167064667,0.4774570167064667,-1.9485580921173096,0.2102254182100296,0.0066794524900615215,13.0,0.008200010284781456,13.0,0.004207008518278599,13.0,0.07748864591121674,13.0,0.08615420758724213,13.0,0.08450224995613098,13.0,,,,,,,,,,,,,,,,
train,43000,200000,0.0001,-1.8033583164215088,0.6226567625999451,0.6226567625999451,-1.8033583164215088,0.271499902009964,0.007205782923847437,20.0,0.0037975753657519817,20.0,0.004007638897746801,20.0,0.0905432403087616,20.0,0.09151049703359604,20.0,0.15409211814403534,20.0,,,,,,,,,,,,,,,,
train,44000,200000,0.0001,-1.7077897787094116,0.7182253003120422,0.7182253003120422,-1.7077897787094116,0.38038909435272217,0.005611774977296591,19.0,0.0056253233924508095,19.0,0.003846418345347047,19.0,0.10767088085412979,19.0,0.10841690748929977,19.0,0.10666489601135254,19.0,,,,,,,,,,,,,,,,
train,45000,200000,0.0001,-1.985864281654358,0.44015082716941833,0.44015082716941833,-1.985864281654358,0.11003321409225464,0.003986187279224396,20.0,0.0043759942054748535,20.0,0.004906526301056147,20.0,0.11061851680278778,20.0,0.08547663688659668,20.0,0.12075374275445938,20.0,,,,,,,,,,,,,,,,
val,45000,200000,,-1.856559211909771,0.5694559102132917,0.5694559102132917,-1.856559211909771,0.21015737113310023,0.00419687609806715,4.95000000005,0.004353064836486738,4.95000000005,0.004634561054772348,4.95000000005,0.11463641575770453,4.95000000005,0.11877331800060346,4.95000000005,0.11270430273201783,4.95000000005,0.9115,0.8689105403011514,0.9712871287128713,0.917251051893408,0.015098854361308946,0.02046500836541248,0.01571666161915419,0.02147588629763892,0.016674735790325537,0.02154378002932553,0.13803491144807953,0.21923968895523868,0.14062220667949832,0.22377536437585754,0.1338798870737053,0.21898700235666724
train,46000,200000,0.0001,-1.9655866622924805,0.460428386926651,0.460428386926651,-1.9655866622924805,0.13790135085582733,0.003382062306627631,18.0,0.0016341196605935693,18.0,0.005076219327747822,18.0,0.1437940001487732,18.0,0.0860227718949318,18.0,0.0826178789138794,18.0,,,,,,,,,,,,,,,,
train,47000,200000,0.0001,-1.8598345518112183,0.5661806464195251,0.5661806464195251,-1.8598345518112183,0.3054913282394409,0.006318469066172838,14.0,0.0017677393043413758,14.0,0.010016905143857002,14.0,0.0704151839017868,14.0,0.06762683391571045,14.0,0.10454417765140533,14.0,,,,,,,,,,,,,,,,
train,48000,200000,0.0001,-2.0676705837249756,0.3583446145057678,0.3583446145057678,-2.0676705837249756,0.13078729808330536,0.004130915272980928,12.0,0.003750641131773591,12.0,0.004490679129958153,12.0,0.08666197210550308,12.0,0.07963170856237411,12.0,0.04889138042926788,12.0,,,,,,,,,,,,,,,,
train,49000,200000,0.0001,-1.7390369176864624,0.6869783401489258,0.6869783401489258,-1.7390369176864624,0.2661682069301605,0.003193741897121072,13.0,0.005194213707000017,13.0,0.002454791683703661,13.0,0.22356799244880676,13.0,0.10762982815504074,13.0,0.07876954972743988,13.0,,,,,,,,,,,,,,,,
train,50000,200000,0.0001,-1.5592155456542969,0.8667996525764465,0.8667996525764465,-1.5592155456542969,0.3428022563457489,0.004986259620636702,17.0,0.005715913604944944,17.0,0.005896630696952343,17.0,0.2150629758834839,17.0,0.21473388373851776,17.0,0.07760173082351685,17.0,,,,,,,,,,,,,,,,
val,50000,200000,,-1.8682437539100647,0.5577713937684894,0.5577713937684894,-1.8682437539100647,0.20872260089730843,0.003724746917941957,4.95000000005,0.004475118635118633,4.95000000005,0.004645704097347334,4.95000000005,0.10936018487991532,4.95000000005,0.11081291175629303,4.95000000005,0.11603012604638935,4.95000000005,0.9185,0.8791405550581916,0.9722772277227723,0.9233662435354961,0.014463500434419874,0.01948788735827532,0.01542088807151286,0.021250086302686516,0.016652914610776035,0.021718452646444036,0.13586622569898163,0.21216366826324792,0.13526023224824005,0.21054175994966315,0.13881678908235498,0.22235472765219516
train,51000,200000,0.0001,-1.9290858507156372,0.4969292879104614,0.4969292879104614,-1.9290858507156372,0.13066376745700836,0.001311758067458868,12.0,0.004440580029040575,12.0,0.0038593243807554245,12.0,0.1689266711473465,12.0,0.10551837831735611,12.0,0.08220880478620529,12.0,,,,,,,,,,,,,,,,
train,52000,200000,0.0001,-1.7720996141433716,0.653915524482727,0.653915524482727,-1.7720996141433716,0.3473025858402252,0.0018057498382404447,15.0,0.0016305181197822094,15.0,0.0030907457694411278,15.0,0.09625865519046783,15.0,0.09668894857168198,15.0,0.10713830590248108,15.0,,,,,,,,,,,,,,,,
train,53000,200000,0.0001,-1.7418923377990723,0.6841226816177368,0.6841226816177368,-1.7418923377990723,0.3706244230270386,0.0035704495385289192,11.0,0.00437805475667119,11.0,0.006842237897217274,11.0,0.08750777691602707,11.0,0.06646250933408737,11.0,0.14473721385002136,11.0,,,,,,,,,,,,,,,,
train,54000,200000,0.0001,-1.6975306272506714,0.7284847497940063,0.7284847497940063,-1.6975306272506714,0.29096299409866333,0.0040989285334944725,13.0,0.003858187235891819,13.0,0.002090118359774351,13.0,0.16251786053180695,13.0,0.08098950982093811,13.0,0.18396711349487305,13.0,,,,,,,,,,,,,,,,
train,55000,200000,0.0001,-1.9073609113693237,0.5186542272567749,0.5186542272567749,-1.9073609113693237,0.13078507781028748,0.001889775157906115,14.0,0.0028083298821002245,14.0,0.002747560618445277,14.0,0.20400449633598328,14.0,0.06801323592662811,14.0,0.10840572416782379,14.0,,,,,,,,,,,,,,,,
val,55000,200000,,-1.8919759908318519,0.5340391514031216,0.5340391514031216,-1.8919759908318519,0.2119945986944367,0.003348974471282418,4.95000000005,0.002816624796105316,4.95000000005,0.004504825762851396,4.95000000005,0.10027627191040665,4.95000000005,0.10710502041747531,4.95000000005,0.10399283514823765,4.95000000005,0.9135,0.8661417322834646,0.9801980198019802,0.9196470041802136,0.013606321157868763,0.01813871926096974,0.012820595924300376,0.016958970891486458,0.01580777218979266,0.021517067214334832,0.12482876159024961,0.18004354354176813,0.13175577346724693,0.20151432719022472,0.12649118845360446,0.19300573937731075
train,56000,200000,0.0001,-1.7303333282470703,0.695681631565094,0.695681631565094,-1.7303333282470703,0.2887093722820282,0.008027056232094765,19.0,0.005042010918259621,19.0,0.006445618811994791,19.0,0.14023475348949432,19.0,0.11330416053533554,19.0,0.13391871750354767,19.0,,,,,,,,,,,,,,,,
train,57000,200000,0.0001,-2.119464874267578,0.3065502345561981,0.3065502345561981,-2.119464874267578,0.024304864928126335,0.004136952105909586,15.0,0.0037097781896591187,15.0,0.0028401920571923256,15.0,0.09085991978645325,15.0,0.09448320418596268,15.0,0.08621532469987869,15.0,,,,,,,,,,,,,,,,
train,58000,200000,0.0001,-1.8398422002792358,0.586172878742218,0.586172878742218,-1.8398422002792358,0.2733694314956665,0.0011561550199985504,14.0,0.00141206756234169,14.0,0.003025656333193183,14.0,0.08609040081501007,14.0,0.09425906836986542,14.0,0.1268600970506668,14.0,,,,,,,,,,,,,,,,
train,59000,200000,0.0001,-1.7642261981964111,0.6617890000343323,0.6617890000343323,-1.7642261981964111,0.29005318880081177,0.005488178227096796,15.0,0.006710073444992304,15.0,0.008047078736126423,15.0,0.11920329183340073,15.0,0.0874425545334816,15.0,0.14484459161758423,15.0,,,,,,,,,,,,,,,,
train,60000,200000,0.0001,-1.6405391693115234,0.7854759097099304,0.7854759097099304,-1.6405391693115234,0.5337902307510376,0.006036413833498955,16.0,0.004322516266256571,16.0,0.0043138740584254265,16.0,0.07229556143283844,16.0,0.07696542143821716,16.0,0.08775193989276886,16.0,,,,,,,,,,,,,,,,
val,60000,200000,,-1.8927039682865143,0.5333111674780957,0.5333111674780957,-1.8927039682865143,0.23678983586723917,0.003516416282150203,4.95000000005,0.0032456685807483155,4.95000000005,0.00406544863471936,4.95000000005,0.09753116889391095,4.95000000005,0.09219463557150448,4.95000000005,0.09596799181559618,4.95000000005,0.9005,0.8474721508140531,0.9792079207920792,0.9085898024804777,0.014173711778953522,0.018893630526100012,0.013266168447267829,0.01818643243400832,0.015162603921172293,0.020294840643271743,0.12141419053077698,0.18154538510558993,0.11703205544764947,0.17261598720943705,0.11987383366383687,0.1810650087901792
train,61000,200000,0.0001,-1.7796343564987183,0.6463806629180908,0.6463806629180908,-1.7796343564987183,0.3289726674556732,0.005403717048466206,15.0,0.003632534295320511,15.0,0.005646866746246815,15.0,0.04347661882638931,15.0,0.13148444890975952,15.0,0.12776382267475128,15.0,,,,,,,,,,,,,,,,
train,62000,200000,0.0001,-1.7553681135177612,0.6706470251083374,0.6706470251083374,-1.7553681135177612,0.2082248330116272,0.006928290706127882,11.0,0.0021944770123809576,11.0,0.008374109864234924,11.0,0.1283121258020401,11.0,0.13210855424404144,11.0,0.1845046579837799,11.0,,,,,,,,,,,,,,,,
train,63000,200000,0.0001,-1.9446098804473877,0.4814053475856781,0.4814053475856781,-1.9446098804473877,0.1114349514245987,0.004944183863699436,14.0,0.008425666950643063,14.0,0.006762816570699215,14.0,0.08741535991430283,14.0,0.18127872049808502,14.0,0.08114365488290787,14.0,,,,,,,,,,,,,,,,
train,64000,200000,0.0001,-1.9224858283996582,0.5035293698310852,0.5035293698310852,-1.9224858283996582,0.23257720470428467,0.001587018952704966,16.0,0.005879558622837067,16.0,0.004852914251387119,16.0,0.08546565473079681,16.0,0.09043560177087784,16.0,0.08273140341043472,16.0,,,,,,,,,,,,,,,,
train,65000,200000,0.0001,-2.1024389266967773,0.32357609272003174,0.32357609272003174,-2.1024389266967773,0.058731559664011,0.0046203723177313805,14.0,0.0027181818149983883,14.0,0.0042799715884029865,14.0,0.11893868446350098,14.0,0.07726281881332397,14.0,0.05702449753880501,14.0,,,,,,,,,,,,,,,,
val,65000,200000,,-1.910952028632164,0.5150631069857627,0.5150631069857627,-1.910952028632164,0.18686138753080742,0.0032493354644429926,4.95000000005,0.003906403475048137,4.95000000005,0.003884087815786188,4.95000000005,0.10316231090866496,4.95000000005,0.10900692649243865,4.95000000005,0.10499265676960931,4.95000000005,0.93,0.8856382978723404,0.9891089108910891,0.9345182413470533,0.013367793578278235,0.018114432141029403,0.014602561491174679,0.01970562688419171,0.014925080353883331,0.01986268628217572,0.12713564493589932,0.2081697088940809,0.13419846553694117,0.2249282630772519,0.13109822414363875,0.20603117888685105
train,66000,200000,0.0001,-1.7438157796859741,0.6821994185447693,0.6821994185447693,-1.7438157796859741,0.3966468870639801,0.0012942125322297215,15.0,0.0022492699790745974,15.0,0.0031299919355660677,15.0,0.07805945724248886,15.0,0.08987986296415329,15.0,0.11093974858522415,15.0,,,,,,,,,,,,,,,,
train,67000,200000,0.0001,-1.763061761856079,0.6629533171653748,0.6629533171653748,-1.763061761856079,0.39107275009155273,0.0019012499833479524,14.0,0.005669319070875645,14.0,0.0037443290930241346,14.0,0.09371284395456314,14.0,0.09789689630270004,14.0,0.06895596534013748,14.0,,,,,,,,,,,,,,,,
train,68000,200000,0.0001,-1.8555335998535156,0.570481538772583,0.570481538772583,-1.8555335998535156,0.18730521202087402,0.005223531275987625,14.0,0.0036015775986015797,14.0,0.005061774514615536,14.0,0.09182853996753693,14.0,0.1962118148803711,14.0,0.08124908059835434,14.0,,,,,,,,,,,,,,,,
train,69000,200000,0.0001,-2.111706018447876,0.31430914998054504,0.31430914998054504,-2.111706018447876,0.09929034113883972,0.00472945487126708,15.0,0.002823971677571535,15.0,0.0028331251814961433,15.0,0.08481886982917786,15.0,0.06700622290372849,15.0,0.05280715227127075,15.0,,,,,,,,,,,,,,,,
train,70000,200000,0.0001,-1.7586805820465088,0.6673344969749451,0.6673344969749451,-1.7586805820465088,0.3052319288253784,0.004872351419180632,15.0,0.005679433699697256,15.0,0.0039784349501132965,15.0,0.138386532664299,15.0,0.12014786154031754,15.0,0.08903796225786209,15.0,,,,,,,,,,,,,,,,
val,70000,200000,,-1.888154566884041,0.5378605697955936,0.5378605697955936,-1.888154566884041,0.20579969746177085,0.003074193156826368,4.95000000005,0.003569739708509587,4.95000000005,0.003917531316692475,4.95000000005,0.10582547381985932,4.95000000005,0.10762366296257823,4.95000000005,0.10805027052760124,4.95000000005,0.917,0.8701754385964913,0.9821782178217822,0.9227906976744186,0.013453826635154058,0.017880631664297795,0.014249757698012722,0.0190047882140904,0.014939805219006359,0.02014965038708981,0.12716833921243445,0.19015606184333547,0.12749234101913795,0.19174090269648178,0.1326534301870399,0.20816926447543702
train,71000,200000,0.0001,-1.8608449697494507,0.5651700496673584,0.5651700496673584,-1.8608449697494507,0.05713803693652153,0.0053475163877010345,23.0,0.003131847595795989,23.0,0.004248512908816338,23.0,0.16940540075302124,23.0,0.2100304663181305,23.0,0.11586827784776688,23.0,,,,,,,,,,,,,,,,
train,72000,200000,0.0001,-2.1118674278259277,0.3141479194164276,0.3141479194164276,-2.1118674278259277,0.08465824276208878,0.004719149321317673,22.0,0.003257039003074169,22.0,0.004045333247631788,22.0,0.08454541116952896,22.0,0.07692982256412506,22.0,0.05599292367696762,22.0,,,,,,,,,,,,,,,,
train,73000,200000,0.0001,-1.7345997095108032,0.6914154887199402,0.6914154887199402,-1.7345997095108032,0.29790037870407104,0.003411347046494484,17.0,0.001553643960505724,17.0,0.002985124010592699,17.0,0.1087232232093811,17.0,0.12759004533290863,17.0,0.14925169944763184,17.0,,,,,,,,,,,,,,,,
train,74000,200000,0.0001,-2.1274917125701904,0.2985233664512634,0.2985233664512634,-2.1274917125701904,0.08826086670160294,0.006745228078216314,10.0,0.002318863058462739,10.0,0.00575618539005518,10.0,0.06638500839471817,10.0,0.07398169487714767,10.0,0.05507552623748779,10.0,,,,,,,,,,,,,,,,
train,75000,200000,0.0001,-1.7771623134613037,0.6488526463508606,0.6488526463508606,-1.7771623134613037,0.27185988426208496,0.0018409990007057786,19.0,0.008060509338974953,19.0,0.004154874477535486,19.0,0.11063259840011597,19.0,0.124141164124012,19.0,0.12816260755062103,19.0,,,,,,,,,,,,,,,,
val,75000,200000,,-1.90031662940979,0.5256985276937485,0.5256985276937485,-1.90031662940979,0.20308446881070266,0.003554464442540848,4.95000000005,0.0033668399789894467,4.95000000005,0.003756542327319039,4.95000000005,0.10072990357410162,4.95000000005,0.10835446829889861,4.95000000005,0.10285183885367587,4.95000000005,0.911,0.8649122807017544,0.9762376237623762,0.9172093023255814,0.014266288437118585,0.018990051621319223,0.01373586802451749,0.01902829542734748,0.01474547401456294,0.019886554264271154,0.12696505441810146,0.1935206226246047,0.1307520815255967,0.2137632127009888,0.1276021287372016,0.21207424350155668
train,76000,200000,0.0001,-1.8718793392181396,0.5541357398033142,0.5541357398033142,-1.8718793392181396,0.18100574612617493,0.007314042188227177,16.0,0.003915906418114901,16.0,0.004691882990300655,16.0,0.08985050022602081,16.0,0.17179104685783386,16.0,0.09556660056114197,16.0,,,,,,,,,,,,,,,,
train,77000,200000,0.0001,-1.8478167057037354,0.5781983733177185,0.5781983733177185,-1.8478167057037354,0.39290907979011536,0.003198961028829217,14.0,0.004963963758200407,14.0,0.005103541072458029,14.0,0.05727674439549446,14.0,0.08079953491687775,14.0,0.03394656255841255,14.0,,,,,,,,,,,,,,,,
train,78000,200000,0.0001,-1.942916750907898,0.4830983579158783,0.4830983579158783,-1.942916750907898,0.168040931224823,0.003467960748821497,17.0,0.007211550138890743,17.0,0.00414419686421752,17.0,0.12206877022981644,17.0,0.08336126059293747,17.0,0.09480369836091995,17.0,,,,,,,,,,,,,,,,
train,79000,200000,0.0001,-2.0920088291168213,0.3340064287185669,0.3340064287185669,-2.0920088291168213,0.08663464337587357,0.002993751550093293,17.0,0.0023129030596464872,17.0,0.0029484236147254705,17.0,0.0422704741358757,17.0,0.12705551087856293,17.0,0.06979072839021683,17.0,,,,,,,,,,,,,,,,
train,80000,200000,0.0001,-1.7419328689575195,0.6840824484825134,0.6840824484825134,-1.7419328689575195,0.33767640590667725,0.008666398003697395,16.0,0.0046723149716854095,16.0,0.005527956411242485,16.0,0.1001930981874466,16.0,0.10337893664836884,16.0,0.12396734952926636,16.0,,,,,,,,,,,,,,,,
val,80000,200000,,-1.8944010365009307,0.5316141049424187,0.5316141049424187,-1.8944010365009307,0.1963270946688135,0.003919355725120113,4.95000000005,0.0030695297535203283,4.95000000005,0.00330948441284022,4.95000000005,0.1078091221419163,4.95000000005,0.10531125577050261,4.95000000005,0.11186826457618736,4.95000000005,0.923,0.8842010771992819,0.9752475247524752,0.9274952919020716,0.01492000324933818,0.019908614365781983,0.013158004276567336,0.01782010870315144,0.013829664634587714,0.018295087937468774,0.13182466730400166,0.2154476913528783,0.12690916830542112,0.20706210625173868,0.13179781527982817,0.19968890014662716
train,81000,200000,0.0001,-1.7777700424194336,0.648245096206665,0.648245096206665,-1.7777700424194336,0.31533610820770264,0.002231802325695753,13.0,0.006122932769358158,13.0,0.006980885751545429,13.0,0.13382822275161743,13.0,0.10766401886940002,13.0,0.07608111202716827,13.0,,,,,,,,,,,,,,,,
train,82000,200000,0.0001,-1.9902437925338745,0.43577122688293457,0.43577122688293457,-1.9902437925338745,0.15485261380672455,0.0035879916977137327,16.0,0.0021056451369076967,16.0,0.0043454403057694435,16.0,0.10106322914361954,16.0,0.08816859126091003,16.0,0.08164770901203156,16.0,,,,,,,,,,,,,,,,
train,83000,200000,0.0001,-1.7638171911239624,0.662198007106781,0.662198007106781,-1.7638171911239624,0.30737853050231934,0.004005621187388897,19.0,0.004354035947471857,19.0,0.004284211900085211,19.0,0.10211744904518127,19.0,0.1275479644536972,19.0,0.11251022666692734,19.0,,,,,,,,,,,,,,,,
train,84000,200000,0.0001,-2.2127912044525146,0.21322382986545563,0.21322382986545563,-2.2127912044525146,0.019987577572464943,0.0032751134131103754,17.0,0.0017151249339804053,17.0,0.004972207359969616,17.0,0.05122804641723633,17.0,0.05683550238609314,17.0,0.07521025836467743,17.0,,,,,,,,,,,,,,,,
train,85000,200000,0.0001,-1.9102834463119507,0.5157315731048584,0.5157315731048584,-1.9102834463119507,0.20407645404338837,0.0012711177114397287,18.0,0.003062714356929064,18.0,0.005001014098525047,18.0,0.08362653106451035,18.0,0.11015329509973526,18.0,0.10854048281908035,18.0,,,,,,,,,,,,,,,,
val,85000,200000,,-1.917584958076477,0.5084301855042577,0.5084301855042577,-1.917584958076477,0.20433017565577757,0.0030604404630958015,4.95000000005,0.0030689517089058428,4.95000000005,0.003278265298122278,4.95000000005,0.0994588030234445,4.95000000005,0.09577605823520571,4.95000000005,0.09945749055012129,4.95000000005,0.918,0.875,0.9772277227722772,0.9232927970065482,0.01285629146920536,0.0173669005947232,0.013337865564031432,0.017652357872362873,0.013748734491769074,0.018291424722988274,0.12252409432572547,0.19404167628448446,0.11922541105687016,0.18461073153665686,0.1253991138660396,0.19147275034469255
train,86000,200000,0.0001,-1.6979340314865112,0.7280809879302979,0.7280809879302979,-1.6979340314865112,0.41373077034950256,0.0031612287275493145,13.0,0.0030763489194214344,13.0,0.003303439589217305,13.0,0.1149996966123581,13.0,0.07769562304019928,13.0,0.11211392283439636,13.0,,,,,,,,,,,,,,,,
train,87000,200000,0.0001,-1.6614420413970947,0.7645730972290039,0.7645730972290039,-1.6614420413970947,0.06997651606798172,0.0022221372928470373,10.0,0.0019271926721557975,10.0,0.0016743869055062532,10.0,0.22210291028022766,10.0,0.22897882759571075,10.0,0.23769116401672363,10.0,,,,,,,,,,,,,,,,
train,88000,200000,0.0001,-1.765841007232666,0.6601741909980774,0.6601741909980774,-1.765841007232666,0.3512769639492035,0.001773115829564631,13.0,0.0035224801395088434,13.0,0.004489030223339796,13.0,0.09309796988964081,13.0,0.09079807251691818,13.0,0.11521656811237335,13.0,,,,,,,,,,,,,,,,
train,89000,200000,0.0001,-1.8395495414733887,0.5864656567573547,0.5864656567573547,-1.8395495414733887,0.18750976026058197,0.0068205175921320915,13.0,0.0090177645906806,13.0,0.005607870873063803,13.0,0.19155748188495636,13.0,0.1016005203127861,13.0,0.08435170352458954,13.0,,,,,,,,,,,,,,,,
train,90000,200000,0.0001,-1.9123214483261108,0.5136936902999878,0.5136936902999878,-1.9123214483261108,0.1954636573791504,0.006084227468818426,9.0,0.00852598249912262,9.0,0.0030539780855178833,9.0,0.14175963401794434,9.0,0.056850988417863846,9.0,0.10195518285036087,9.0,,,,,,,,,,,,,,,,
val,90000,200000,,-1.9159657007455826,0.5100494315288961,0.5100494315288961,-1.9159657007455826,0.20180825011048,0.003579296277021058,4.95000000005,0.002838484572666857,4.95000000005,0.003443017983881873,4.95000000005,0.09961951550329104,4.95000000005,0.09713859177427367,4.95000000005,0.10162227523280308,4.95000000005,0.9185,0.8846503178928247,0.9643564356435643,0.9227854097584083,0.01447633678008887,0.01923171132135891,0.012994798963343856,0.017378437796809858,0.014471601609215894,0.018792951274658385,0.12107016405071876,0.2033159353034156,0.11811398085808814,0.1886310929118723,0.12413580917348765,0.19581340499376548
train,91000,200000,0.0001,-1.7134490013122559,0.7125663161277771,0.7125663161277771,-1.7134490013122559,0.3681354820728302,0.0019988694693893194,18.0,0.0028088230174034834,18.0,0.0019302836153656244,18.0,0.1344655305147171,18.0,0.11387857794761658,18.0,0.08934873342514038,18.0,,,,,,,,,,,,,,,,
train,92000,200000,0.0001,-1.9179762601852417,0.5080389976501465,0.5080389976501465,-1.9179762601852417,0.16904760897159576,0.004277525469660759,12.0,0.004217114765197039,12.0,0.004994760733097792,12.0,0.15174521505832672,12.0,0.0459827184677124,12.0,0.12777404487133026,12.0,,,,,,,,,,,,,,,,
train,93000,200000,0.0001,-1.9169389009475708,0.5090762376785278,0.5090762376785278,-1.9169389009475708,0.2477307766675949,0.004134772811084986,17.0,0.0058258227072656155,17.0,0.004540249705314636,17.0,0.06647089123725891,17.0,0.11277329176664352,17.0,0.06760048866271973,17.0,,,,,,,,,,,,,,,,
train,94000,200000,0.0001,-1.8819141387939453,0.5441009998321533,0.5441009998321533,-1.8819141387939453,0.16932186484336853,0.003394524333998561,18.0,0.004739225842058659,18.0,0.004047478083521128,18.0,0.13303382694721222,18.0,0.09479403495788574,18.0,0.13477005064487457,18.0,,,,,,,,,,,,,,,,
train,95000,200000,0.0001,-1.8640954494476318,0.5619196891784668,0.5619196891784668,-1.8640954494476318,0.3182280659675598,0.004442211240530014,17.0,0.002750250743702054,17.0,0.004537684842944145,17.0,0.0710429698228836,17.0,0.07007890939712524,17.0,0.09083965420722961,17.0,,,,,,,,,,,,,,,,
val,95000,200000,,-1.9098028254508972,0.5162123023835011,0.5162123023835011,-1.9098028254508972,0.20326566502422794,0.003196051231952879,4.95000000005,0.0033562224570050604,4.95000000005,0.0034690606956428384,4.95000000005,0.09782508263277123,4.95000000005,0.0999995366478106,4.95000000005,0.10510068418690935,4.95000000005,0.9195,0.8834688346883469,0.9683168316831683,0.9239489844119037,0.013398427837951617,0.017958405624228915,0.013575730636960479,0.018153530570808,0.014114967065703388,0.018504406760134606,0.1197370003433804,0.18695933390526043,0.12254832577938685,0.19240805786075718,0.129641122946685,0.2257716852042856
train,96000,200000,0.0001,-1.989659070968628,0.43635597825050354,0.43635597825050354,-1.989659070968628,0.06772176921367645,0.0048265908844769,10.0,0.005033658351749182,10.0,0.002802925417199731,10.0,0.1053229570388794,10.0,0.1233118325471878,10.0,0.12733623385429382,10.0,,,,,,,,,,,,,,,,
train,97000,200000,0.0001,-2.1827991008758545,0.24321603775024414,0.24321603775024414,-2.1827991008758545,0.04539169371128082,0.004128842148929834,14.0,0.009856350719928741,14.0,0.0049382159486413,14.0,0.053311824798583984,14.0,0.07112205773591995,14.0,0.054467055946588516,14.0,,,,,,,,,,,,,,,,
train,98000,200000,0.0001,-1.8136489391326904,0.6123661994934082,0.6123661994934082,-1.8136489391326904,0.2584635317325592,0.0020107743330299854,17.0,0.004454153589904308,17.0,0.003096936270594597,17.0,0.10341083258390427,17.0,0.10410962253808975,17.0,0.13682031631469727,17.0,,,,,,,,,,,,,,,,
train,99000,200000,0.0001,-1.9797816276550293,0.4462335407733917,0.4462335407733917,-1.9797816276550293,0.12397771328687668,0.006526439916342497,12.0,0.005566640291363001,12.0,0.0027496598195284605,12.0,0.08484494686126709,12.0,0.1102784276008606,12.0,0.11228968948125839,12.0,,,,,,,,,,,,,,,,
train,100000,200000,0.0001,-2.190643787384033,0.23537129163742065,0.23537129163742065,-2.190643787384033,0.04011121764779091,0.0014591793296858668,13.0,0.0036595193669199944,13.0,0.003378076944500208,13.0,0.06616678833961487,13.0,0.06844265013933182,13.0,0.05215386301279068,13.0,,,,,,,,,,,,,,,,
val,100000,200000,,-1.9042585748434067,0.5217565785348416,0.5217565785348416,-1.9042585748434067,0.19338865102181443,0.0033459565592056607,4.95000000005,0.0034888130476610968,4.95000000005,0.003449759426403034,4.95000000005,0.1018659693482914,4.95000000005,0.11765491527083213,4.95000000005,0.09856251529417932,4.95000000005,0.921,0.8743409490333919,0.9851485148514851,0.9264432029795158,0.01380354304294657,0.018717328852856548,0.013888236105141014,0.018733064236810745,0.013860730639649462,0.018309729821586955,0.12274472372173661,0.2006507976794496,0.1408366397023201,0.2564218769869249,0.12138036424011896,0.19820149164950987
train,101000,200000,0.0001,-1.8007804155349731,0.6252346634864807,0.6252346634864807,-1.8007804155349731,0.28421252965927124,0.0032681096345186234,12.0,0.0062809535302221775,12.0,0.0025148484855890274,12.0,0.10361582040786743,12.0,0.09866949170827866,12.0,0.1266728788614273,12.0,,,,,,,,,,,,,,,,
train,102000,200000,0.0001,-2.049342155456543,0.37667298316955566,0.37667298316955566,-2.049342155456543,0.130325585603714,0.005488771013915539,18.0,0.002051855204626918,18.0,0.0017307874513790011,18.0,0.09129132330417633,18.0,0.0744953528046608,18.0,0.0712893009185791,18.0,,,,,,,,,,,,,,,,
train,103000,200000,0.0001,-2.066671848297119,0.3593434989452362,0.3593434989452362,-2.066671848297119,0.00724361278116703,0.0031695463694632053,20.0,0.004413421265780926,20.0,0.0021086158230900764,20.0,0.12039677798748016,20.0,0.13674476742744446,20.0,0.08526674658060074,20.0,,,,,,,,,,,,,,,,
train,104000,200000,0.0001,-2.1053318977355957,0.3206831216812134,0.3206831216812134,-2.1053318977355957,0.06202186644077301,0.003150718519464135,14.0,0.0026310423854738474,14.0,0.006684080697596073,14.0,0.14429043233394623,14.0,0.06728841364383698,14.0,0.03461659327149391,14.0,,,,,,,,,,,,,,,,
train,105000,200000,0.0001,-1.8886065483093262,0.5374084115028381,0.5374084115028381,-1.8886065483093262,0.2840375304222107,0.008283345028758049,14.0,0.0025153770111501217,14.0,0.007301060017198324,14.0,0.06650901585817337,14.0,0.09433872252702713,14.0,0.07442338764667511,14.0,,,,,,,,,,,,,,,,
val,105000,200000,,-1.8864418122172355,0.5395733326580375,0.5395733326580375,-1.8864418122172355,0.2290853508556029,0.0031888751518857816,4.95000000005,0.003588165556320746,4.95000000005,0.00382351437528996,4.95000000005,0.10568380043143406,4.95000000005,0.09799007743051334,4.95000000005,0.09621354883071036,4.95000000005,0.906,0.8784530386740331,0.9445544554455445,0.9103053435114502,0.01324459934193227,0.017669572760980565,0.014182436130376477,0.01930500535591461,0.014623119555075061,0.01937954219754021,0.1300721682081319,0.22584703994555202,0.12295680719644132,0.20560984832414853,0.1172109714511669,0.17823190190313307
train,106000,200000,0.0001,-1.6628990173339844,0.7631161212921143,0.7631161212921143,-1.6628990173339844,0.4036714434623718,0.00543292798101902,16.0,0.0024229984264820814,16.0,0.00563847366720438,16.0,0.1073274314403534,16.0,0.10428433120250702,16.0,0.13433852791786194,16.0,,,,,,,,,,,,,,,,
train,107000,200000,0.0001,-1.7714955806732178,0.6545195579528809,0.6545195579528809,-1.7714955806732178,0.23520036041736603,0.006910430267453194,12.0,0.003897453425452113,12.0,0.004941464867442846,12.0,0.11683136224746704,12.0,0.10079006105661392,12.0,0.1859484165906906,12.0,,,,,,,,,,,,,,,,
train,108000,200000,0.0001,-2.1787214279174805,0.2472936511039734,0.2472936511039734,-2.1787214279174805,0.024123715236783028,0.0018037102418020368,18.0,0.004007148556411266,18.0,0.003984170034527779,18.0,0.08238624036312103,18.0,0.0718221664428711,18.0,0.05916648358106613,18.0,,,,,,,,,,,,,,,,
train,109000,200000,0.0001,-1.789401650428772,0.6366133689880371,0.6366133689880371,-1.789401650428772,0.38390448689460754,0.003234496107324958,14.0,0.0034005085472017527,14.0,0.006135998759418726,14.0,0.10565567016601562,14.0,0.041823506355285645,14.0,0.09245873242616653,14.0,,,,,,,,,,,,,,,,
train,110000,200000,0.0001,-1.6693788766860962,0.7566361427307129,0.7566361427307129,-1.6693788766860962,0.4249853491783142,0.0026445668190717697,16.0,0.005455757491290569,16.0,0.004364663735032082,16.0,0.10983849316835403,16.0,0.09309348464012146,16.0,0.1162538230419159,16.0,,,,,,,,,,,,,,,,
val,110000,200000,,-1.921240772008896,0.504774366475176,0.504774366475176,-1.921240772008896,0.20443511636345646,0.002863909626066743,4.95000000005,0.002966596653477609,4.95000000005,0.0030287054422024084,4.95000000005,0.0978087807027623,4.95000000005,0.09631259222514928,4.95000000005,0.0973586648365017,4.95000000005,0.9135,0.8674275680421423,0.9782178217821782,0.9194974406700791,0.012931296777337639,0.01741083496507443,0.012749593378975988,0.017465754969093406,0.013435066634826739,0.017821548866192635,0.12035512410179533,0.1917885776162081,0.12085006742766409,0.19144286115484738,0.12057626947309032,0.196532160617814
train,111000,200000,0.0001,-1.967994213104248,0.45802104473114014,0.45802104473114014,-1.967994213104248,0.18438820540905,0.002376605523750186,21.0,0.003072781953960657,21.0,0.004873169120401144,21.0,0.09211545437574387,21.0,0.09607022255659103,21.0,0.075124591588974,21.0,,,,,,,,,,,,,,,,
train,112000,200000,0.0001,-2.0653953552246094,0.36062005162239075,0.36062005162239075,-2.0653953552246094,0.058317940682172775,0.00642144400626421,13.0,0.0020535127259790897,13.0,0.002327556721866131,13.0,0.09219185262918472,13.0,0.12054813653230667,13.0,0.07875960320234299,13.0,,,,,,,,,,,,,,,,
train,113000,200000,0.0001,-1.735649824142456,0.6903653144836426,0.6903653144836426,-1.735649824142456,0.3006909191608429,0.004888404626399279,13.0,0.002872098470106721,13.0,0.0011521331034600735,13.0,0.17471863329410553,13.0,0.14228571951389313,13.0,0.06375742703676224,13.0,,,,,,,,,,,,,,,,
train,114000,200000,0.0001,-1.7079049348831177,0.7181102633476257,0.7181102633476257,-1.7079049348831177,0.2869786024093628,0.002786109922453761,15.0,0.001191873219795525,15.0,0.003679096233099699,15.0,0.14851219952106476,15.0,0.14140917360782623,15.0,0.13355319201946259,15.0,,,,,,,,,,,,,,,,
train,115000,200000,0.0001,-1.909468650817871,0.516546368598938,0.516546368598938,-1.909468650817871,0.26850396394729614,0.001249512773938477,12.0,0.0019420086173340678,12.0,0.009046179242432117,12.0,0.08548053354024887,12.0,0.06160254403948784,12.0,0.08872166275978088,12.0,,,,,,,,,,,,,,,,
val,115000,200000,,-1.9198584133386611,0.5061567244958133,0.5061567244958133,-1.9198584133386611,0.20159327415341977,0.0028295199093554403,4.95000000005,0.003049325422380207,4.95000000005,0.0030766334529107554,4.95000000005,0.09990286977263167,4.95000000005,0.09616295091807842,4.95000000005,0.0995421491318848,4.95000000005,0.9145,0.8651000870322019,0.9841584158415841,0.9207966651227419,0.012891606105529148,0.01703950435099737,0.013383760988345426,0.01810966518175836,0.013676704346870232,0.017766022606173132,0.12116314437089845,0.19091757101149742,0.1187780967979419,0.19896939240613973,0.12047105154605826,0.20473635429806789
train,116000,200000,0.0001,-1.9750733375549316,0.45094189047813416,0.45094189047813416,-1.9750733375549316,0.03559273108839989,0.0028786768671125174,13.0,0.002117251744493842,13.0,0.003264858154579997,13.0,0.10303822159767151,13.0,0.2034716010093689,13.0,0.10057854652404785,13.0,,,,,,,,,,,,,,,,
train,117000,200000,0.0001,-1.8211408853530884,0.6048741340637207,0.6048741340637207,-1.8211408853530884,0.2702322006225586,0.0017756283050403,11.0,0.0011629502987489104,11.0,0.0023786677047610283,11.0,0.14663013815879822,11.0,0.0580868162214756,11.0,0.12460775673389435,11.0,,,,,,,,,,,,,,,,
train,118000,200000,0.0001,-1.8437622785568237,0.5822528600692749,0.5822528600692749,-1.8437622785568237,0.1713428497314453,0.0030238579493016005,17.0,0.0019043810898438096,17.0,0.004668574780225754,17.0,0.127154141664505,17.0,0.14525163173675537,17.0,0.12890742719173431,17.0,,,,,,,,,,,,,,,,
train,119000,200000,0.0001,-1.674007773399353,0.7520073652267456,0.7520073652267456,-1.674007773399353,0.3948221504688263,0.003228073474019766,16.0,0.003091846825554967,16.0,0.004578320775181055,16.0,0.10486921668052673,16.0,0.12196084856987,16.0,0.11945686489343643,16.0,,,,,,,,,,,,,,,,
train,120000,200000,0.0001,-1.8964660167694092,0.5295491814613342,0.5295491814613342,-1.8964660167694092,0.039510052651166916,0.004205915145576,15.0,0.003252140013501048,15.0,0.0035701345186680555,15.0,0.17217817902565002,15.0,0.1302962601184845,15.0,0.17653650045394897,15.0,,,,,,,,,,,,,,,,
val,120000,200000,,-1.9185895889997482,0.5074255539104342,0.5074255539104342,-1.9185895889997482,0.19249228090280668,0.0029865313917252934,4.95000000005,0.0032428719834024376,4.95000000005,0.003086261623957398,4.95000000005,0.09448421209817752,4.95000000005,0.10517984552076086,4.95000000005,0.10595355115947314,4.95000000005,0.925,0.8873873873873874,0.9752475247524752,0.929245283018868,0.013305911269377578,0.017125387622580868,0.01324595976479803,0.017687898608272398,0.013515000712747376,0.017627588418217998,0.11370378477555333,0.1686794200000791,0.12477343978002818,0.206363353333217,0.12584461263484426,0.22032215148846718
train,121000,200000,0.0001,-1.8453266620635986,0.5806885957717896,0.5806885957717896,-1.8453266620635986,0.2316318154335022,0.0029394845478236675,15.0,0.0031216919887810946,15.0,0.00604691868647933,15.0,0.11563138663768768,15.0,0.07613106817007065,15.0,0.14518623054027557,15.0,,,,,,,,,,,,,,,,
train,122000,200000,0.0001,-1.7735724449157715,0.6524426937103271,0.6524426937103271,-1.7735724449157715,0.3185308575630188,0.003067141165956855,14.0,0.002706377301365137,14.0,0.00260736676864326,14.0,0.08781055361032486,14.0,0.10842668265104294,14.0,0.1292937695980072,14.0,,,,,,,,,,,,,,,,
train,123000,200000,0.0001,-1.7738620042800903,0.6521531939506531,0.6521531939506531,-1.7738620042800903,0.3666003346443176,0.004740147385746241,14.0,0.0036234555300325155,14.0,0.0071766856126487255,14.0,0.08753200620412827,14.0,0.13793638348579407,14.0,0.04454413801431656,14.0,,,,,,,,,,,,,,,,
train,124000,200000,0.0001,-1.982305645942688,0.4437095522880554,0.4437095522880554,-1.982305645942688,0.2431388944387436,0.0032139259856194258,18.0,0.0034820479340851307,18.0,0.0028862482868134975,18.0,0.07665781676769257,18.0,0.054885994642972946,18.0,0.05944468080997467,18.0,,,,,,,,,,,,,,,,
train,125000,200000,0.0001,-2.081723690032959,0.3442915081977844,0.3442915081977844,-2.081723690032959,0.007958869449794292,0.0029957261867821217,16.0,0.004872865043580532,16.0,0.002285925205796957,16.0,0.14275699853897095,16.0,0.05041611194610596,16.0,0.13300499320030212,16.0,,,,,,,,,,,,,,,,
val,125000,200000,,-1.910548758804798,0.5154663690074812,0.5154663690074812,-1.910548758804798,0.22663421978490078,0.0025582376085912985,4.95000000005,0.002752579773780326,4.95000000005,0.002926498078190889,4.95000000005,0.08930131023284048,4.95000000005,0.09409420343613135,4.95000000005,0.09719931924482808,4.95000000005,0.9095,0.8724168912848158,0.9613861386138614,0.9147432878002826,0.01200424871652039,0.015986058244810385,0.012411617072336753,0.016933234283331537,0.013127182627736468,0.017297370089466767,0.11250664241837732,0.18144089447228226,0.11619380907734123,0.20222348272167942,0.11967943122215344,0.2010779159898491
train,126000,200000,0.0001,-1.9577338695526123,0.46828126907348633,0.46828126907348633,-1.9577338695526123,0.1856231987476349,0.001952325808815658,15.0,0.0045387656427919865,15.0,0.005726521369069815,15.0,0.09920935332775116,15.0,0.0935138538479805,15.0,0.07771725952625275,15.0,,,,,,,,,,,,,,,,
train,127000,200000,0.0001,-1.9237439632415771,0.5022711157798767,0.5022711157798767,-1.9237439632415771,0.010882607661187649,0.007068301551043987,15.0,0.0030541548039764166,15.0,0.002429456450045109,15.0,0.12564316391944885,15.0,0.15884515643119812,15.0,0.1943482756614685,15.0,,,,,,,,,,,,,,,,
train,128000,200000,0.0001,-1.9519660472869873,0.4740491211414337,0.4740491211414337,-1.9519660472869873,0.2659689784049988,0.003856523660942912,15.0,0.003872230648994446,15.0,0.0019408820662647486,15.0,0.06453967839479446,15.0,0.07466971129179001,15.0,0.059201110154390335,15.0,,,,,,,,,,,,,,,,
train,129000,200000,0.0001,-1.5367323160171509,0.8892828226089478,0.8892828226089478,-1.5367323160171509,0.509151816368103,0.005538988392800093,13.0,0.0016916625900194049,13.0,0.0013029242400079966,13.0,0.1377761960029602,13.0,0.13677054643630981,13.0,0.0970507338643074,13.0,,,,,,,,,,,,,,,,
train,130000,200000,0.0001,-1.7657948732376099,0.6602202653884888,0.6602202653884888,-1.7657948732376099,0.24707040190696716,0.0012131360126659274,12.0,0.0038751449901610613,12.0,0.001952576101757586,12.0,0.12253192812204361,12.0,0.09200320392847061,12.0,0.19157390296459198,12.0,,,,,,,,,,,,,,,,
val,130000,200000,,-1.9311403119564057,0.49487482514232395,0.49487482514232395,-1.9311403119564057,0.189607471828931,0.0025780070562177572,4.95000000005,0.0028066980707080803,4.95000000005,0.0027574037510930795,4.95000000005,0.10317891868995503,4.95000000005,0.10189561456878948,4.95000000005,0.09205071218536431,4.95000000005,0.9235,0.8815672306322351,0.9801980198019802,0.9282700421940928,0.012354119572167595,0.016200548764100275,0.012343153537185203,0.016827339262409383,0.012700975330245464,0.016671667126818484,0.12617685653532695,0.21228238930061724,0.12442973230523292,0.208624016860817,0.11539530271118638,0.18392155331608712
train,131000,200000,0.0001,-2.138597011566162,0.2874182462692261,0.2874182462692261,-2.138597011566162,0.12532196938991547,0.0029567743185907602,18.0,0.002677313517779112,18.0,0.0034184190444648266,18.0,0.043541472405195236,18.0,0.035184700042009354,18.0,0.07431760430335999,18.0,,,,,,,,,,,,,,,,
train,132000,200000,0.0001,-1.781240701675415,0.6447745561599731,0.6447745561599731,-1.781240701675415,0.13708820939064026,0.005651143379509449,17.0,0.004988758824765682,17.0,0.002915882971137762,17.0,0.1717923879623413,17.0,0.1304256021976471,17.0,0.19191259145736694,17.0,,,,,,,,,,,,,,,,
train,133000,200000,0.0001,-1.9767097234725952,0.4493051767349243,0.4493051767349243,-1.9767097234725952,0.09092637896537781,0.0047190142795443535,13.0,0.0025769348721951246,13.0,0.004807275254279375,13.0,0.142959326505661,13.0,0.13962644338607788,13.0,0.06368978321552277,13.0,,,,,,,,,,,,,,,,
train,134000,200000,0.0001,-1.9424095153808594,0.48360562324523926,0.48360562324523926,-1.9424095153808594,0.19797638058662415,0.002590973163023591,15.0,0.004129120148718357,15.0,0.006582587957382202,15.0,0.08394774049520493,15.0,0.10957155376672745,15.0,0.07880724966526031,15.0,,,,,,,,,,,,,,,,
train,135000,200000,0.0001,-2.0861785411834717,0.3398365378379822,0.3398365378379822,-2.0861785411834717,0.005025232210755348,0.0046966164372861385,10.0,0.001463770167902112,10.0,0.0033002726268023252,10.0,0.14595690369606018,10.0,0.0464731827378273,10.0,0.13292057812213898,10.0,,,,,,,,,,,,,,,,
val,135000,200000,,-1.9186436596512795,0.5073714742460288,0.5073714742460288,-1.9186436596512795,0.18518891676241764,0.0031456475002414664,4.95000000005,0.0029155197591353497,4.95000000005,0.003604385007693054,4.95000000005,0.10444073264610779,4.95000000005,0.10914183461321954,4.95000000005,0.09893443752924214,4.95000000005,0.927,0.8941605839416058,0.9702970297029703,0.9306742640075973,0.013718777208240947,0.017794026853761195,0.013001235455951908,0.017206762002923006,0.014578674219059522,0.019439337009235447,0.12635508450594815,0.2211093425592484,0.12965374005196448,0.2161943700588137,0.1233992101624608,0.20695688422957137
train,136000,200000,0.0001,-1.7828307151794434,0.6431843042373657,0.6431843042373657,-1.7828307151794434,0.27027052640914917,0.003867751220241189,16.0,0.004401861689984798,16.0,0.006021035835146904,16.0,0.13883520662784576,16.0,0.09447033703327179,16.0,0.12531763315200806,16.0,,,,,,,,,,,,,,,,
train,137000,200000,0.0001,-1.854982852935791,0.5710322260856628,0.5710322260856628,-1.854982852935791,0.2125202715396881,0.0026279459707438946,19.0,0.003425818169489503,19.0,0.0017294250428676605,19.0,0.07375694066286087,19.0,0.19933763146400452,19.0,0.07763420045375824,19.0,,,,,,,,,,,,,,,,
train,138000,200000,0.0001,-2.1181793212890625,0.30783557891845703,0.30783557891845703,-2.1181793212890625,0.05283629521727562,0.004623787943273783,15.0,0.0028101569041609764,15.0,0.002133615780621767,15.0,0.023735376074910164,15.0,0.10452412068843842,15.0,0.1171722263097763,15.0,,,,,,,,,,,,,,,,
train,139000,200000,0.0001,-1.994484543800354,0.4315304756164551,0.4315304756164551,-1.994484543800354,0.21169555187225342,0.0032543062698096037,22.0,0.0026706925127655268,22.0,0.006631046999245882,22.0,0.08179710060358047,22.0,0.06329237669706345,22.0,0.06218940392136574,22.0,,,,,,,,,,,,,,,,
train,140000,200000,0.0001,-1.8573673963546753,0.5686476230621338,0.5686476230621338,-1.8573673963546753,0.18478259444236755,0.0027970324736088514,14.0,0.00392139982432127,14.0,0.005582187324762344,14.0,0.10600520670413971,14.0,0.09861022979021072,14.0,0.16694900393486023,14.0,,,,,,,,,,,,,,,,
val,140000,200000,,-1.9161595904827118,0.509855548646301,0.509855548646301,-1.9161595904827118,0.18968993112823226,0.002848617401759839,4.95000000005,0.003227886565401832,4.95000000005,0.003525998266522947,4.95000000005,0.09699718771153129,4.95000000005,0.10618829463608563,4.95000000005,0.10737763738725334,4.95000000005,0.922,0.8765432098765432,0.9841584158415841,0.9272388059701493,0.012848721325134087,0.01708054074169005,0.013795771583387947,0.018437703856864555,0.0141201457403826,0.018869081711393367,0.11662434592485578,0.182539575250316,0.12615792434098141,0.20743270570945582,0.12790747065511016,0.2121979428607028
train,141000,200000,0.0001,-1.6570643186569214,0.7689507007598877,0.7689507007598877,-1.6570643186569214,0.3941997289657593,0.004295123275369406,20.0,0.004643415100872517,20.0,0.0045274789445102215,20.0,0.12962932884693146,20.0,0.13940854370594025,20.0,0.0922471135854721,20.0,,,,,,,,,,,,,,,,
train,142000,200000,0.0001,-1.8416438102722168,0.5843712687492371,0.5843712687492371,-1.8416438102722168,0.02187664993107319,0.0023985577281564474,12.0,0.003184840315952897,12.0,0.0015577059239149094,12.0,0.1672099381685257,12.0,0.14266635477542877,12.0,0.24547719955444336,12.0,,,,,,,,,,,,,,,,
train,143000,200000,0.0001,-2.125709056854248,0.3003060221672058,0.3003060221672058,-2.125709056854248,0.15129993855953217,0.004715362563729286,18.0,0.002929797163233161,18.0,0.004248281475156546,18.0,0.02791794203221798,18.0,0.04386001452803612,18.0,0.06533467769622803,18.0,,,,,,,,,,,,,,,,
train,144000,200000,0.0001,-1.6338794231414795,0.7921358346939087,0.7921358346939087,-1.6338794231414795,0.39265766739845276,0.0028951873537153006,13.0,0.0033860979601740837,13.0,0.001368063734844327,13.0,0.1215716078877449,13.0,0.15543940663337708,13.0,0.11481775343418121,13.0,,,,,,,,,,,,,,,,
train,145000,200000,0.0001,-1.751571536064148,0.6744434833526611,0.6744434833526611,-1.751571536064148,0.09456141293048859,0.0007522363448515534,15.0,0.0027492973022162914,15.0,0.004140059929341078,15.0,0.15706373751163483,15.0,0.17978458106517792,15.0,0.23539216816425323,15.0,,,,,,,,,,,,,,,,
val,145000,200000,,-1.9311223059892655,0.49489283410832285,0.49489283410832285,-1.9311223059892655,0.19932736037430004,0.0026857233545160854,4.95000000005,0.0027879318708437495,4.95000000005,0.0033896175248810325,4.95000000005,0.0926193446042089,4.95000000005,0.09769670394947752,4.95000000005,0.0963861553859897,4.95000000005,0.916,0.8772401433691757,0.9693069306930693,0.9209783631232361,0.012348230463462045,0.01648805246711117,0.012431669738519974,0.01679123174250143,0.014005927346891376,0.018406236097148074,0.11345134454995695,0.17763243999617326,0.11833605073542908,0.20776526644513113,0.11767616302076012,0.19491810570250978
train,146000,200000,0.0001,-1.8855854272842407,0.5404297113418579,0.5404297113418579,-1.8855854272842407,0.2468910813331604,0.003631451865658164,15.0,0.005519137717783451,15.0,0.003812708891928196,15.0,0.12923765182495117,15.0,0.07855207473039627,15.0,0.07278559356927872,15.0,,,,,,,,,,,,,,,,
train,147000,200000,0.0001,-1.9071828126907349,0.5188323855400085,0.5188323855400085,-1.9071828126907349,0.10541817545890808,0.0022221175022423267,16.0,0.002335184719413519,16.0,0.0014461238170042634,16.0,0.11145542562007904,16.0,0.17166471481323242,16.0,0.12429063767194748,16.0,,,,,,,,,,,,,,,,
train,148000,200000,0.0001,-1.8746833801269531,0.5513317584991455,0.5513317584991455,-1.8746833801269531,0.016128230839967728,0.006033340469002724,11.0,0.007683466654270887,11.0,0.008412686176598072,11.0,0.20148424804210663,11.0,0.1966666728258133,11.0,0.1149231418967247,11.0,,,,,,,,,,,,,,,,
train,149000,200000,0.0001,-1.8930782079696655,0.5329369902610779,0.5329369902610779,-1.8930782079696655,0.26115337014198303,0.003554592840373516,18.0,0.002452210523188114,18.0,0.003948864992707968,18.0,0.0994754210114479,18.0,0.07964854687452316,18.0,0.08270398527383804,18.0,,,,,,,,,,,,,,,,
train,150000,200000,0.0001,-2.073348045349121,0.3526669442653656,0.3526669442653656,-2.073348045349121,0.11051011830568314,0.002331224735826254,14.0,0.004361191298812628,14.0,0.007576820440590382,14.0,0.06759165972471237,14.0,0.08835326135158539,14.0,0.07194264978170395,14.0,,,,,,,,,,,,,,,,
val,150000,200000,,-1.9352845278382302,0.4907306016399525,0.4907306016399525,-1.9352845278382302,0.1909976214065682,0.002866038628926617,4.95000000005,0.002742337572490214,4.95000000005,0.0031200158988212933,4.95000000005,0.10355537893716246,4.95000000005,0.08724858899309766,4.95000000005,0.10020062105963007,4.95000000005,0.917,0.8767857142857143,0.9722772277227723,0.9220657276995305,0.013360504397764952,0.01700710771302659,0.012322086100513586,0.01678845474373096,0.013340592477000271,0.01746466691513777,0.12093940802445316,0.20043685366157796,0.10814841065292406,0.1665861531008728,0.11301520107257547,0.17991550485708516
train,151000,200000,0.0001,-2.011768341064453,0.41424691677093506,0.41424691677093506,-2.011768341064453,0.11410000175237656,0.0013645117869600654,12.0,0.0014610999496653676,12.0,0.0038426106330007315,12.0,0.14914073050022125,12.0,0.07766986638307571,12.0,0.06666809320449829,12.0,,,,,,,,,,,,,,,,
train,152000,200000,0.0001,-1.7559452056884766,0.6700699329376221,0.6700699329376221,-1.7559452056884766,0.43084725737571716,0.00198274664580822,21.0,0.004867199808359146,21.0,0.0043728966265916824,21.0,0.07959872484207153,21.0,0.06453666090965271,21.0,0.0838644728064537,21.0,,,,,,,,,,,,,,,,
train,153000,200000,0.0001,-1.996503472328186,0.42951154708862305,0.42951154708862305,-1.996503472328186,0.16196434199810028,0.003814701922237873,11.0,0.0014279645401984453,11.0,0.005061607342213392,11.0,0.08916087448596954,11.0,0.0838170051574707,11.0,0.08426506072282791,11.0,,,,,,,,,,,,,,,,
train,154000,200000,0.0001,-1.9949326515197754,0.43108251690864563,0.43108251690864563,-1.9949326515197754,0.14590269327163696,0.0035006736870855093,11.0,0.0058699664659798145,11.0,0.004185582976788282,11.0,0.051215674728155136,11.0,0.13362617790699005,11.0,0.08678174018859863,11.0,,,,,,,,,,,,,,,,
train,155000,200000,0.0001,-2.0252323150634766,0.40078312158584595,0.40078312158584595,-2.0252323150634766,0.11444753408432007,0.00658820103853941,17.0,0.005155924707651138,17.0,0.0045600030571222305,17.0,0.0898386687040329,17.0,0.08162764459848404,17.0,0.09856513142585754,17.0,,,,,,,,,,,,,,,,
val,155000,200000,,-1.9553422713279724,0.47067285716999324,0.47067285716999324,-1.9553422713279724,0.185169662819535,0.002906340783840733,4.95000000005,0.002983007491329772,4.95000000005,0.0035924861111470818,4.95000000005,0.0932196261890931,4.95000000005,0.08658767658052965,4.95000000005,0.09621405536468956,4.95000000005,0.925,0.8798586572438163,0.9861386138613861,0.9299719887955182,0.012827352046580854,0.0169267357657923,0.01304367125749287,0.017478102918085263,0.014761275861111253,0.019361417021189934,0.11265206152592043,0.18628307799030924,0.10928077861817197,0.17349482796513052,0.11966103197574013,0.20867343414714803
train,156000,200000,0.0001,-1.7898976802825928,0.6361175179481506,0.6361175179481506,-1.7898976802825928,0.35789433121681213,0.004475914873182774,16.0,0.002010039985179901,16.0,0.0015201941132545471,16.0,0.10607250034809113,16.0,0.09573386609554291,16.0,0.06841062009334564,16.0,,,,,,,,,,,,,,,,
train,157000,200000,0.0001,-1.7427551746368408,0.6832599639892578,0.6832599639892578,-1.7427551746368408,0.4185720682144165,0.007983231917023659,17.0,0.0030563082545995712,17.0,0.002855653176084161,17.0,0.06478877365589142,17.0,0.09747782349586487,17.0,0.08852611482143402,17.0,,,,,,,,,,,,,,,,
train,158000,200000,0.0001,-1.920534372329712,0.5054807066917419,0.5054807066917419,-1.920534372329712,0.2229079306125641,0.0057235704734921455,13.0,0.005431254394352436,13.0,0.004121285397559404,13.0,0.08390209078788757,13.0,0.07339148223400116,13.0,0.11000310629606247,13.0,,,,,,,,,,,,,,,,
train,159000,200000,0.0001,-2.1202104091644287,0.30580461025238037,0.30580461025238037,-2.1202104091644287,0.044446785002946854,0.004686824511736631,13.0,0.002424119273200631,13.0,0.0052506946958601475,13.0,0.08842319995164871,13.0,0.09431326389312744,13.0,0.0662597268819809,13.0,,,,,,,,,,,,,,,,
train,160000,200000,0.0001,-2.0654001235961914,0.3606150448322296,0.3606150448322296,-2.0654001235961914,0.15547308325767517,0.0037436047568917274,16.0,0.0031231301836669445,16.0,0.0032264497131109238,16.0,0.03768303990364075,16.0,0.09582216292619705,16.0,0.06154358386993408,16.0,,,,,,,,,,,,,,,,
val,160000,200000,,-1.9614940458536148,0.46452109917183404,0.46452109917183404,-1.9614940458536148,0.1900278273205913,0.0027260680168728867,4.95000000005,0.002412638495001289,4.95000000005,0.0030787112819962202,4.95000000005,0.08532240096479654,4.95000000005,0.09171933821868151,4.95000000005,0.08923411197727546,4.95000000005,0.921,0.8704347826086957,0.9910891089108911,0.9268518518518519,0.012501498434052925,0.016644487979370914,0.011887708915670337,0.015748503254628208,0.013164748448991414,0.01759608049552105,0.10690839043959524,0.16121677874633605,0.11535929560360282,0.17949056731935925,0.1123836799383615,0.18421347908150904
train,161000,200000,0.0001,-1.8675543069839478,0.5584607720375061,0.5584607720375061,-1.8675543069839478,0.33247578144073486,0.004669260233640671,12.0,0.000693940557539463,12.0,0.005488503258675337,12.0,0.08894774317741394,12.0,0.06844713538885117,12.0,0.05773840472102165,12.0,,,,,,,,,,,,,,,,
train,162000,200000,0.0001,-2.002120018005371,0.423895001411438,0.423895001411438,-2.002120018005371,0.15743789076805115,0.0022370072547346354,23.0,0.0026647201739251614,23.0,0.004915002733469009,23.0,0.08982233703136444,23.0,0.08929295837879181,23.0,0.0775250792503357,23.0,,,,,,,,,,,,,,,,
train,163000,200000,0.0001,-1.6855260133743286,0.74048912525177,0.74048912525177,-1.6855260133743286,0.3522040545940399,0.0036377590149641037,12.0,0.0018956930143758655,12.0,0.0035181427374482155,12.0,0.13476382195949554,12.0,0.10232934355735779,12.0,0.14214028418064117,12.0,,,,,,,,,,,,,,,,
train,164000,200000,0.0001,-1.7476835250854492,0.6783316135406494,0.6783316135406494,-1.7476835250854492,0.3581242561340332,0.004940253682434559,17.0,0.0028167283162474632,17.0,0.0037239878438413143,17.0,0.06743115186691284,17.0,0.13407833874225616,17.0,0.10721690952777863,17.0,,,,,,,,,,,,,,,,
train,165000,200000,0.0001,-1.800321102142334,0.6256939172744751,0.6256939172744751,-1.800321102142334,0.027244577184319496,0.0032110284082591534,16.0,0.0062106610275805,16.0,0.0033460406120866537,16.0,0.2530149221420288,16.0,0.15975995361804962,16.0,0.172906756401062,16.0,,,,,,,,,,,,,,,,
val,165000,200000,,-1.9289625573158264,0.4970525801752228,0.4970525801752228,-1.9289625573158264,0.20822816286061424,0.0028611741220811383,4.95000000005,0.002687461391415127,4.95000000005,0.002954525960458341,4.95000000005,0.08907153302803636,4.95000000005,0.09333192786200925,4.95000000005,0.09791779091581702,4.95000000005,0.9155,0.8737777777777778,0.9732673267326732,0.9208430913348946,0.012700838926765655,0.016908048517410106,0.012507781085106685,0.016464319568273274,0.013126092767719217,0.01750499715692816,0.10985381137015242,0.17288805250093298,0.11464535989093058,0.19305314941033858,0.12069751099504605,0.19541301289774865
train,166000,200000,0.0001,-2.121445655822754,0.3045693635940552,0.3045693635940552,-2.121445655822754,0.061463821679353714,0.00481179915368557,13.0,0.005256033968180418,13.0,0.005571288522332907,13.0,0.09350226819515228,13.0,0.03888379782438278,13.0,0.09508033841848373,13.0,,,,,,,,,,,,,,,,
train,167000,200000,0.0001,-1.891958475112915,0.5340566039085388,0.5340566039085388,-1.891958475112915,0.26641586422920227,0.002108460757881403,14.0,0.0031395945698022842,14.0,0.0030172786209732294,14.0,0.07848510891199112,14.0,0.0815875455737114,14.0,0.09930278360843658,14.0,,,,,,,,,,,,,,,,
train,168000,200000,0.0001,-1.7713125944137573,0.6547024250030518,0.6547024250030518,-1.7713125944137573,0.2587256133556366,0.0036240883637219667,10.0,0.014216306619346142,10.0,0.006670949049293995,10.0,0.17373725771903992,10.0,0.09438368678092957,10.0,0.10334453731775284,10.0,,,,,,,,,,,,,,,,
train,169000,200000,0.0001,-2.0071372985839844,0.4188777208328247,0.4188777208328247,-2.0071372985839844,0.2375676929950714,0.004957510624080896,11.0,0.007951817475259304,11.0,0.0036312341690063477,11.0,0.018925892189145088,11.0,0.06260792911052704,11.0,0.08323562890291214,11.0,,,,,,,,,,,,,,,,
train,170000,200000,0.0001,-2.0093460083007812,0.416669100522995,0.416669100522995,-2.0093460083007812,0.09787453711032867,0.006492596119642258,14.0,0.0033915662206709385,14.0,0.001779434853233397,14.0,0.11889248341321945,14.0,0.05415436252951622,14.0,0.13408410549163818,14.0,,,,,,,,,,,,,,,,
val,170000,200000,,-1.9414383035898208,0.4845768305566162,0.4845768305566162,-1.9414383035898208,0.19109451116994022,0.0028976178181619617,4.95000000005,0.0028279569023652584,4.95000000005,0.0033728717108169803,4.95000000005,0.09763676198665053,4.95000000005,0.0890812679217197,4.95000000005,0.09766584638215135,4.95000000005,0.925,0.8805309734513275,0.9851485148514851,0.9299065420560748,0.012791990543329957,0.016882866665152343,0.012651104042588762,0.01710805994786981,0.01385873102987505,0.018352153441523775,0.11861543758499501,0.18487864290794295,0.11198547595754417,0.17644354317021785,0.11796255925237531,0.17828955495271934
train,171000,200000,0.0001,-1.7294901609420776,0.696524977684021,0.696524977684021,-1.7294901609420776,0.3467951714992523,0.004801066592335701,13.0,0.0008446730207651854,13.0,0.005634841974824667,13.0,0.0824008509516716,13.0,0.1108207032084465,13.0,0.14522768557071686,13.0,,,,,,,,,,,,,,,,
train,172000,200000,0.0001,-1.7885284423828125,0.6374866366386414,0.6374866366386414,-1.7885284423828125,0.3306904137134552,0.0033915324602276087,22.0,0.003316735615953803,22.0,0.0027998327277600765,22.0,0.10031741112470627,22.0,0.0908903181552887,22.0,0.10608036071062088,22.0,,,,,,,,,,,,,,,,
train,173000,200000,0.0001,-2.2153735160827637,0.21064144372940063,0.21064144372940063,-2.2153735160827637,0.01515471376478672,0.002340173115953803,14.0,0.0023621483705937862,14.0,0.003467745613306761,14.0,0.08279036730527878,14.0,0.07245667278766632,14.0,0.032069627195596695,14.0,,,,,,,,,,,,,,,,
train,174000,200000,0.0001,-1.8080296516418457,0.6179856061935425,0.6179856061935425,-1.8080296516418457,0.2832763195037842,0.0018539010779932141,12.0,0.005135342478752136,12.0,0.009108598344027996,12.0,0.11379697918891907,12.0,0.12740594148635864,12.0,0.07740854471921921,12.0,,,,,,,,,,,,,,,,
train,175000,200000,0.0001,-1.8645670413970947,0.5614480972290039,0.5614480972290039,-1.8645670413970947,0.2637232840061188,0.002421091077849269,17.0,0.002551392186433077,17.0,0.002806610893458128,17.0,0.1135958582162857,17.0,0.11672461032867432,17.0,0.05962527543306351,17.0,,,,,,,,,,,,,,,,
val,175000,200000,,-1.9682628554105759,0.4577522877650335,0.4577522877650335,-1.9682628554105759,0.18686037981140544,0.0027450992363310433,4.95000000005,0.0028813360064759764,4.95000000005,0.003433636011313865,4.95000000005,0.08593216700201993,4.95000000005,0.09257740959757939,4.95000000005,0.08332225864753127,4.95000000005,0.922,0.8895985401459854,0.9653465346534653,0.9259259259259259,0.012396427288632652,0.01670654621099833,0.013084486844206248,0.017280150796152662,0.01368964088027074,0.018346305974409925,0.10918997157402713,0.1802530731665449,0.11560371623873109,0.19831018178397603,0.10825081011562636,0.18219440099162393
train,176000,200000,0.0001,-2.077026844024658,0.34898847341537476,0.34898847341537476,-2.077026844024658,0.06249260529875755,0.004894256591796875,10.0,0.0013827680377289653,10.0,0.003700865898281336,10.0,0.0709829181432724,10.0,0.12887656688690186,10.0,0.07665848731994629,10.0,,,,,,,,,,,,,,,,
train,177000,200000,0.0001,-1.7604057788848877,0.6656092405319214,0.6656092405319214,-1.7604057788848877,0.3056754469871521,0.0027976990677416325,15.0,0.007256784942001104,15.0,0.004645242355763912,15.0,0.08699285238981247,15.0,0.11747035384178162,15.0,0.14077094197273254,15.0,,,,,,,,,,,,,,,,
train,178000,200000,0.0001,-1.8177425861358643,0.6082725524902344,0.6082725524902344,-1.8177425861358643,0.3412450850009918,0.00343477469868958,15.0,0.004842554219067097,15.0,0.003412999212741852,15.0,0.06852202117443085,15.0,0.0998482033610344,15.0,0.08696690946817398,15.0,,,,,,,,,,,,,,,,
train,179000,200000,0.0001,-2.1369729042053223,0.2890421152114868,0.2890421152114868,-2.1369729042053223,0.03120996057987213,0.001333571970462799,13.0,0.00278928829357028,13.0,0.0013825298519805074,13.0,0.04950413480401039,13.0,0.08967971801757812,13.0,0.11314289271831512,13.0,,,,,,,,,,,,,,,,
train,180000,200000,0.0001,-1.7654949426651,0.6605203151702881,0.6605203151702881,-1.7654949426651,0.38193055987358093,0.0059355213306844234,15.0,0.0029104582499712706,15.0,0.0030888328328728676,15.0,0.07236842066049576,15.0,0.08934128284454346,15.0,0.10494522750377655,15.0,,,,,,,,,,,,,,,,
val,180000,200000,,-1.97909443795681,0.44692069341428575,0.44692069341428575,-1.97909443795681,0.17782951115907053,0.002629793554965545,4.95000000005,0.0030107606405545082,4.95000000005,0.0032222564172843704,4.95000000005,0.08174176403380443,4.95000000005,0.09004322222433984,4.95000000005,0.08844338688766584,4.95000000005,0.932,0.8987226277372263,0.9752475247524752,0.9354226020892688,0.012524941916379964,0.01625991109169717,0.012797638631632758,0.017868408273805987,0.013580649128804604,0.018112522477514548,0.1054394204583433,0.16057781343743632,0.11398068573514018,0.19898753101562325,0.11030844263732434,0.1869682202983761
train,181000,200000,0.0001,-1.7321362495422363,0.6938788890838623,0.6938788890838623,-1.7321362495422363,0.28082650899887085,0.0017206422053277493,18.0,0.0027205850929021835,18.0,0.0028281023260205984,18.0,0.16232919692993164,18.0,0.11936715245246887,18.0,0.12408675253391266,18.0,,,,,,,,,,,,,,,,
train,182000,200000,0.0001,-2.114635467529297,0.31137964129447937,0.31137964129447937,-2.114635467529297,0.06895478814840317,0.002644658787176013,12.0,0.001976483501493931,12.0,0.001797592849470675,12.0,0.06906896829605103,12.0,0.09340197592973709,12.0,0.07353518158197403,12.0,,,,,,,,,,,,,,,,
train,183000,200000,0.0001,-1.7601902484893799,0.665824830532074,0.665824830532074,-1.7601902484893799,0.3207749128341675,0.004011490847915411,12.0,0.002726905047893524,12.0,0.0013778290012851357,12.0,0.07458522170782089,12.0,0.12062021344900131,12.0,0.14172828197479248,12.0,,,,,,,,,,,,,,,,
train,184000,200000,0.0001,-1.8491482734680176,0.5768668055534363,0.5768668055534363,-1.8491482734680176,0.28852206468582153,0.0030871315393596888,18.0,0.0021951107773929834,18.0,0.004425275605171919,18.0,0.06326374411582947,18.0,0.11715777963399887,18.0,0.09821566939353943,18.0,,,,,,,,,,,,,,,,
train,185000,200000,0.0001,-1.8901774883270264,0.5358377695083618,0.5358377695083618,-1.8901774883270264,0.26871389150619507,0.0020452626049518585,17.0,0.004243222065269947,17.0,0.0015323415864259005,17.0,0.07428602129220963,17.0,0.11299872398376465,17.0,0.07201828062534332,17.0,,,,,,,,,,,,,,,,
val,185000,200000,,-1.9558535104990005,0.47016163043561393,0.47016163043561393,-1.9558535104990005,0.18886100841249573,0.0028571271393229834,4.95000000005,0.0028107479532263825,4.95000000005,0.003090030789026059,4.95000000005,0.09387320706620812,4.95000000005,0.088900451279369,4.95000000005,0.08976905759656802,4.95000000005,0.926,0.8834519572953736,0.9831683168316832,0.9306466729147141,0.012895108946608473,0.01690170921324042,0.01288739066251149,0.01725882134696934,0.013459326567203559,0.01784871792137213,0.11820277915232712,0.1987913629882594,0.11373113606012229,0.19446488410709578,0.11329844502562826,0.18721211253245612
train,186000,200000,0.0001,-2.2468600273132324,0.1791551113128662,0.1791551113128662,-2.2468600273132324,0.022600892931222916,0.004958390258252621,16.0,0.0035696672275662422,16.0,0.003369125770404935,16.0,0.0734495222568512,16.0,0.03035677969455719,16.0,0.040850721299648285,16.0,,,,,,,,,,,,,,,,
train,187000,200000,0.0001,-1.943508267402649,0.48250672221183777,0.48250672221183777,-1.943508267402649,0.1733236014842987,0.0023892628960311413,18.0,0.003364811185747385,18.0,0.0030325530096888542,18.0,0.07526130229234695,18.0,0.09764941036701202,18.0,0.12748578190803528,18.0,,,,,,,,,,,,,,,,
train,188000,200000,0.0001,-1.854344129562378,0.5716709494590759,0.5716709494590759,-1.854344129562378,0.2908901572227478,0.003208261216059327,13.0,0.003012490924447775,13.0,0.00456260098144412,13.0,0.08271898329257965,13.0,0.0829773098230362,13.0,0.10430121421813965,13.0,,,,,,,,,,,,,,,,
train,189000,200000,0.0001,-1.909726858139038,0.5162883400917053,0.5162883400917053,-1.909726858139038,0.09745201468467712,0.0031285106670111418,17.0,0.0023375346790999174,17.0,0.0035484095569700003,17.0,0.17038120329380035,17.0,0.07303261756896973,17.0,0.16640806198120117,17.0,,,,,,,,,,,,,,,,
train,190000,200000,0.0001,-1.7596138715744019,0.666401207447052,0.666401207447052,-1.7596138715744019,0.2782232463359833,0.0011654590489342809,16.0,0.002155201742425561,16.0,0.0020235590636730194,16.0,0.13929860293865204,16.0,0.12902182340621948,16.0,0.1145133301615715,16.0,,,,,,,,,,,,,,,,
val,190000,200000,,-1.919681653380394,0.5063334791734815,0.5063334791734815,-1.919681653380394,0.23287016589019913,0.002535310684161232,4.95000000005,0.002902812994325359,4.95000000005,0.003083247109607328,4.95000000005,0.08305041162413546,4.95000000005,0.08793716466578189,4.95000000005,0.09395436314749532,4.95000000005,0.9065,0.8677390527256479,0.9613861386138614,0.9121653358384217,0.012265249221783243,0.016105964771680317,0.01254635950964358,0.01695953555626433,0.01381368354960072,0.017719668504360048,0.10579020186054586,0.16684735017814425,0.10968278350703645,0.1702345756413768,0.11760379301402905,0.20078413575107926
train,191000,200000,0.0001,-1.888645052909851,0.537369966506958,0.537369966506958,-1.888645052909851,0.11848192662000656,0.0035418777260929346,14.0,0.005402702372521162,14.0,0.0028510468546301126,14.0,0.1362384408712387,14.0,0.08469556272029877,14.0,0.1861584484577179,14.0,,,,,,,,,,,,,,,,
train,192000,200000,0.0001,-1.8705129623413086,0.55550217628479,0.55550217628479,-1.8705129623413086,0.280662477016449,0.0025296190287917852,14.0,0.00331686669960618,14.0,0.002296981867402792,14.0,0.12766723334789276,14.0,0.062185484915971756,14.0,0.07684348523616791,14.0,,,,,,,,,,,,,,,,
train,193000,200000,0.0001,-1.889233946800232,0.536781370639801,0.536781370639801,-1.889233946800232,0.2709658145904541,0.0015252401353791356,15.0,0.0019603052642196417,15.0,0.0012547235237434506,15.0,0.08658401668071747,15.0,0.08996418118476868,15.0,0.08452703058719635,15.0,,,,,,,,,,,,,,,,
train,194000,200000,0.0001,-2.069093704223633,0.3569216728210449,0.3569216728210449,-2.069093704223633,0.08998632431030273,0.0032506296411156654,17.0,0.00359269673936069,17.0,0.0016532790614292026,17.0,0.03387797251343727,17.0,0.14142659306526184,17.0,0.08313415944576263,17.0,,,,,,,,,,,,,,,,
train,195000,200000,0.0001,-2.0952672958374023,0.3307478427886963,0.3307478427886963,-2.0952672958374023,0.13258790969848633,0.00397464819252491,13.0,0.0024686171673238277,13.0,0.006007872987538576,13.0,0.057410113513469696,13.0,0.06676546484231949,13.0,0.06153320521116257,13.0,,,,,,,,,,,,,,,,
val,195000,200000,,-1.9402641671895982,0.4857509719207883,0.4857509719207883,-1.9402641671895982,0.1846961505289073,0.0026679331318155163,4.95000000005,0.0030316849101654953,4.95000000005,0.002881428926029912,4.95000000005,0.09056707944837399,4.95000000005,0.09858131838846021,4.95000000005,0.10332537610083818,4.95000000005,0.922,0.8867753623188406,0.9693069306930693,0.9262062440870388,0.012424353941936384,0.016373010549922355,0.013170979733136717,0.01737182456559996,0.012811331061477011,0.017121994907574524,0.11345346523354752,0.18794657470669285,0.120201014776272,0.20868444045941578,0.1265900804087369,0.21036735278683286
train,196000,200000,0.0001,-1.7744691371917725,0.6515460014343262,0.6515460014343262,-1.7744691371917725,0.29431021213531494,0.0037131125573068857,17.0,0.0035202610306441784,17.0,0.0045755584724247456,17.0,0.11558874696493149,17.0,0.13791373372077942,17.0,0.09192442893981934,17.0,,,,,,,,,,,,,,,,
train,197000,200000,0.0001,-2.0347394943237305,0.3912756145000458,0.3912756145000458,-2.0347394943237305,0.1742333471775055,0.0011766382958739996,14.0,0.0008124231244437397,14.0,0.002554884646087885,14.0,0.09595205634832382,14.0,0.018295764923095703,14.0,0.09825050085783005,14.0,,,,,,,,,,,,,,,,
train,198000,200000,0.0001,-1.7608225345611572,0.665192723274231,0.665192723274231,-1.7608225345611572,0.3445737957954407,0.004238167777657509,15.0,0.006058515049517155,15.0,0.002520255744457245,15.0,0.08449960500001907,15.0,0.08459501713514328,15.0,0.13870741426944733,15.0,,,,,,,,,,,,,,,,
train,199000,200000,0.0001,-2.001399517059326,0.4246155321598053,0.4246155321598053,-2.001399517059326,0.17852358520030975,0.0011294373543933034,9.0,0.0014503675047308207,9.0,0.0024036909453570843,9.0,0.0908053070306778,9.0,0.06417819857597351,9.0,0.0861249640583992,9.0,,,,,,,,,,,,,,,,
train,200000,200000,0.0001,-2.1271300315856934,0.2988851070404053,0.2988851070404053,-2.1271300315856934,0.09123887121677399,0.0022864490747451782,16.0,0.0037286095321178436,16.0,0.002960751997306943,16.0,0.04994504898786545,16.0,0.06366328150033951,16.0,0.08506208658218384,16.0,,,,,,,,,,,,,,,,
val,200000,200000,,-1.9209043771028518,0.5051107549387962,0.5051107549387962,-1.9209043771028518,0.1964491912390804,0.0028442214980304924,4.95000000005,0.0025378362144238054,4.95000000005,0.0027679384939256124,4.95000000005,0.10058532830909826,4.95000000005,0.09830730584682897,4.95000000005,0.1016189333271177,4.95000000005,0.917,0.8650519031141869,0.9900990099009901,0.9233610341643583,0.012959367736722485,0.016921873911652455,0.012157532570394453,0.016078048089796987,0.012524666075566501,0.01675692481837015,0.12233713095386824,0.20000593704952213,0.11985103687026886,0.20767793692474482,0.12296376222499994,0.21844589697691968
