spec,n_cells,aabb_min_x,aabb_min_y,aabb_min_z,aabb_max_x,aabb_max_y,aabb_max_z,span_x,span_y,span_z,aabb_volume,n_reachable,coverage,g_lim_mean,g_lim_p10,g_lim_p50,g_lim_p90,g_selfpass_mean,g_selfpass_p10,g_selfpass_p50,g_selfpass_p90,g_man_mean,g_man_p10,g_man_p50,g_man_p90,g_iso_mean,g_iso_p10,g_iso_p50,g_iso_p90,g_sigma_mean,g_sigma_p10,g_sigma_p50,g_sigma_p90,g_rot_mean,g_rot_p10,g_rot_p50,g_rot_p90,g_red_mean,g_red_p10,g_red_p50,g_red_p90,g_margin_mean,g_margin_p10,g_margin_p50,g_margin_p90
rm65_base,85050,-0.6608114838600159,-0.6601327061653137,-0.3280073404312134,0.6591885685920715,0.6598673462867737,0.901992678642273,1.3200000524520874,1.3200000524520874,1.2300000190734863,2.1431522369384766,37025,0.43533215755437976,0.51275634765625,0.42923957109451294,0.5024333000183105,0.614809513092041,0.9942759275436401,1.0,1.0,1.0,0.012472987174987793,0.0035349715035408735,0.013936098664999008,0.018459556624293327,0.0577903650701046,0.020375816151499748,0.06430679559707642,0.08266234397888184,0.48100823163986206,0.2703377902507782,0.5371847748756409,0.5929083824157715,0.2899852395057678,0.0625,0.28125,0.53125,0.5743707418441772,0.4307350516319275,0.584885835647583,0.7212232351303101,0.4321571886539459,0.09407208859920502,0.3878691494464874,0.8146881461143494
rm65_v0001,83025,-0.6663410663604736,-0.6605652570724487,-0.2926097810268402,0.6536589860916138,0.6594347953796387,0.9073902368545532,1.3200000524520874,1.3200000524520874,1.2000000476837158,2.0908803939819336,31680,0.3815718157181572,0.4686973989009857,0.35469871759414673,0.4734088182449341,0.5761275887489319,1.0,1.0,1.0,1.0,0.013251244090497494,0.004143165424466133,0.014534028246998787,0.019778303802013397,0.05088503286242485,0.020503399893641472,0.056477636098861694,0.07074487954378128,0.4545312225818634,0.2712343633174896,0.5021526217460632,0.5543711185455322,0.2084837704896927,0.046875,0.1875,0.40625,0.47968947887420654,0.25942131876945496,0.5017893314361572,0.6515085101127625,0.43199270963668823,0.13363061845302582,0.40089187026023865,0.7905694246292114
rm65_v0002,101568,-0.6209275722503662,-0.6869030594825745,-0.34826183319091797,0.7290724515914917,0.7230969071388245,1.00173819065094,1.350000023841858,1.409999966621399,1.350000023841858,2.5697250366210938,35168,0.34625078764965345,0.4744599163532257,0.3620305359363556,0.4789623022079468,0.5838528871536255,1.0,1.0,1.0,1.0,0.019241105765104294,0.0075905658304691315,0.020172305405139923,0.028649872168898582,0.06433067470788956,0.02913997322320938,0.06988074630498886,0.09216661006212234,0.514373242855072,0.34767889976501465,0.5567789077758789,0.6203675270080566,0.23877175152301788,0.046875,0.203125,0.484375,0.5346719622612,0.29425951838493347,0.5639615058898926,0.723712682723999,0.3754456043243408,0.10846523195505142,0.34299716353416443,0.6859943270683289
rm65_v0003,59200,-0.58372563123703,-0.5845852494239807,-0.22482959926128387,0.5862743258476257,0.585414707660675,0.8551704287528992,1.1699999570846558,1.1699999570846558,1.0800000429153442,1.4784120321273804,21986,0.37138513513513516,0.4726701080799103,0.3584839105606079,0.47536635398864746,0.5887182950973511,0.9999909400939941,1.0,1.0,1.0,0.007766661234200001,0.002476292662322521,0.008441029116511345,0.011737095192074776,0.0456353984773159,0.018078457564115524,0.04516591131687164,0.06901396811008453,0.4259490668773651,0.24468278884887695,0.4448554217815399,0.5482139587402344,0.19098445773124695,0.046875,0.171875,0.390625,0.4761987328529358,0.2353159487247467,0.49728915095329285,0.6627114415168762,0.3722943663597107,0.12126781046390533,0.34299716353416443,0.6966305375099182
rm65_v0004,110250,-0.7228370904922485,-0.7361723780632019,-0.3456672728061676,0.7171629667282104,0.7338276505470276,0.9743327498435974,1.440000057220459,1.4700000286102295,1.3200000524520874,2.7941761016845703,35348,0.3206167800453515,0.4656333327293396,0.34029126167297363,0.4760425090789795,0.5796927213668823,1.0,1.0,1.0,1.0,0.01707877591252327,0.005063396878540516,0.017567740753293037,0.027826054021716118,0.056252557784318924,0.021097756922245026,0.05688858777284622,0.09145684540271759,0.4707210958003998,0.2788534164428711,0.5082091093063354,0.6188935041427612,0.19740818440914154,0.03125,0.1875,0.390625,0.4431777596473694,0.1888803392648697,0.476393461227417,0.6115694046020508,0.3051668107509613,0.09622504562139511,0.2357022613286972,0.6309897899627686
rm65_v0005,67158,-0.5914464592933655,-0.6158459782600403,-0.25131428241729736,0.6085535883903503,0.614154040813446,0.8886857032775879,1.2000000476837158,1.2300000190734863,1.1399999856948853,1.6826400756835938,27648,0.41168587510050925,0.488207072019577,0.3954945206642151,0.48903024196624756,0.5827928185462952,0.9899207949638367,1.0,1.0,1.0,0.010415627621114254,0.00309209362603724,0.011213637888431549,0.016128133982419968,0.05428766459226608,0.020491957664489746,0.05646486580371857,0.08294407278299332,0.46419891715049744,0.27006104588508606,0.5021964311599731,0.5932795405387878,0.22973237931728363,0.046875,0.21875,0.421875,0.47770702838897705,0.29553690552711487,0.5011776685714722,0.6097738742828369,0.40332433581352234,0.10783277451992035,0.3576408624649048,0.770080029964447
rm65_v0006,73568,-0.6408241987228394,-0.6468496322631836,-0.2594876289367676,0.649175763130188,0.6431503295898438,0.8505123853683472,1.2899999618530273,1.2899999618530273,1.1100000143051147,1.8471509218215942,26803,0.3643295998260113,0.4657629728317261,0.35409578680992126,0.47851893305778503,0.5585630536079407,0.9999827742576599,1.0,1.0,1.0,0.011838173493742943,0.002358692232519388,0.013329139910638332,0.018379060551524162,0.04567785933613777,0.010632254183292389,0.052543528378009796,0.06716658920049667,0.4171030521392822,0.15972314774990082,0.48526105284690857,0.5416615605354309,0.22940762341022491,0.03125,0.1875,0.484375,0.5044763684272766,0.21963761746883392,0.5221760869026184,0.7146782279014587,0.3606697916984558,0.1111111119389534,0.31426969170570374,0.7114582657814026
rm65_v0007,88642,-0.673615038394928,-0.6902013421058655,-0.27723386883735657,0.6763849854469299,0.6897986531257629,0.9227661490440369,1.350000023841858,1.3799999952316284,1.2000000476837158,2.235600233078003,38263,0.43165767920398906,0.49310141801834106,0.4012420177459717,0.487296998500824,0.594606876373291,0.9994474649429321,1.0,1.0,1.0,0.01683950051665306,0.005618504714220762,0.018631920218467712,0.024571916088461876,0.06266045570373535,0.024668850004673004,0.07055353373289108,0.08629713207483292,0.5028494000434875,0.3105354905128479,0.5591000914573669,0.6034621596336365,0.2445974200963974,0.0625,0.234375,0.453125,0.496706485748291,0.32678157091140747,0.5008000731468201,0.6517156362533569,0.4224192500114441,0.10000000149011612,0.37416574358940125,0.8062257766723633
rm65_v0008,77440,-0.6422715187072754,-0.6365315914154053,-0.33603447675704956,0.647728443145752,0.6534683704376221,0.833965539932251,1.2899999618530273,1.2899999618530273,1.1700000762939453,1.946997046470642,28712,0.3707644628099174,0.4790027141571045,0.36823809146881104,0.48342975974082947,0.588260293006897,0.999428927898407,1.0,1.0,1.0,0.011775288730859756,0.003343612188473344,0.012745489366352558,0.01789800263941288,0.049522463232278824,0.018945010378956795,0.055765118449926376,0.06863560527563095,0.44696712493896484,0.254508376121521,0.498201847076416,0.5473678708076477,0.21816009283065796,0.046875,0.1875,0.453125,0.4934164583683014,0.26695898175239563,0.5163691639900208,0.6619223952293396,0.37033453583717346,0.10599979013204575,0.3352007567882538,0.6787298321723938
rm65_v0009,75240,-0.659868597984314,-0.6535958051681519,-0.23129361867904663,0.6601314544677734,0.6364041566848755,0.8787063956260681,1.3200000524520874,1.2899999618530273,1.1100000143051147,1.8901081085205078,28107,0.37356459330143543,0.47608140110969543,0.36804404854774475,0.47659191489219666,0.5819360613822937,0.9997761249542236,1.0,1.0,1.0,0.012998056598007679,0.0043505774810910225,0.014232232235372066,0.019277391955256462,0.050830744206905365,0.02104734070599079,0.05510954558849335,0.07070955634117126,0.45304134488105774,0.275251179933548,0.4968319237232208,0.5544658899307251,0.22211048007011414,0.046875,0.21875,0.40625,0.49983930587768555,0.26779282093048096,0.5355856418609619,0.6567856669425964,0.3757806420326233,0.10783277451992035,0.32349830865859985,0.7470873594284058
rm65_v0010,67032,-0.6158239841461182,-0.6162134408950806,-0.279336154460907,0.6141760349273682,0.6137865781784058,0.8306638598442078,1.2300000190734863,1.2300000190734863,1.1100000143051147,1.6793190240859985,29874,0.44566774078052274,0.4777674973011017,0.40263715386390686,0.48158925771713257,0.5519670844078064,0.9988068342208862,1.0,1.0,1.0,0.009804695844650269,0.0025351708754897118,0.01104813814163208,0.014954661950469017,0.0531662292778492,0.015534279868006706,0.05870921164751053,0.08031995594501495,0.4556366801261902,0.2180512547492981,0.513368546962738,0.585349440574646,0.24308344721794128,0.0625,0.21875,0.453125,0.5194675922393799,0.36001327633857727,0.5380194783210754,0.6616124510765076,0.30945131182670593,0.06608185917139053,0.26432743668556213,0.6406874060630798
rm65_v0011,83942,-0.6915001273155212,-0.6898064017295837,-0.15757137537002563,0.6884998679161072,0.6901935935020447,0.9524286389350891,1.3799999952316284,1.3799999952316284,1.1100000143051147,2.1138839721679688,37105,0.44203140263515284,0.46691182255744934,0.3687528967857361,0.4702296555042267,0.563554584980011,1.0,1.0,1.0,1.0,0.015217491425573826,0.00498438673093915,0.017355434596538544,0.021588198840618134,0.05882302671670914,0.024869108572602272,0.06519286334514618,0.08006911724805832,0.49099257588386536,0.31287243962287903,0.540679931640625,0.5860281586647034,0.20749478042125702,0.046875,0.171875,0.421875,0.4568149149417877,0.2684567868709564,0.4645504355430603,0.6223159432411194,0.4226280152797699,0.10783277451992035,0.3887965977191925,0.7924058437347412
rm65_v0012,82800,-0.6734039783477783,-0.6427993178367615,-0.21157629787921906,0.6765960454940796,0.6772007346153259,0.9584236741065979,1.350000023841858,1.3200000524520874,1.1699999570846558,2.084939956665039,32746,0.3954830917874396,0.4682004451751709,0.36716753244400024,0.46684005856513977,0.5707953572273254,0.9994817972183228,1.0,1.0,1.0,0.011814982630312443,0.004031632095575333,0.01321184542030096,0.01686537265777588,0.05454222857952118,0.023572511970996857,0.059271492063999176,0.07591745257377625,0.4734165370464325,0.30094045400619507,0.5148261189460754,0.5732710361480713,0.1859859824180603,0.046875,0.171875,0.359375,0.48772740364074707,0.26476559042930603,0.5074350833892822,0.6582121253013611,0.4035308063030243,0.10599979013204575,0.3515615165233612,0.7643753290176392
rm65_v0013,86940,-0.6632742881774902,-0.6765509247779846,-0.31845664978027344,0.6567257642745972,0.6734490990638733,0.9115433692932129,1.3200000524520874,1.350000023841858,1.2300000190734863,2.1918601989746094,38042,0.43756613756613755,0.496298611164093,0.41695159673690796,0.4939189851284027,0.5789870619773865,0.9940162897109985,1.0,1.0,1.0,0.01240469142794609,0.0038336385041475296,0.013547232374548912,0.01851511187851429,0.05654827505350113,0.021124647930264473,0.06208815798163414,0.08208465576171875,0.476410835981369,0.2775455117225647,0.5277175307273865,0.5914924740791321,0.22875867784023285,0.0625,0.234375,0.390625,0.5086228847503662,0.34590351581573486,0.5206366777420044,0.6485903263092041,0.4171687960624695,0.09407208859920502,0.3878691494464874,0.7982281446456909
rm65_v0014,65559,-0.593563437461853,-0.5894209146499634,-0.310965895652771,0.6064366102218628,0.6105791330337524,0.8290340900421143,1.2000000476837158,1.2000000476837158,1.1399999856948853,1.6416000127792358,25151,0.3836391647218536,0.4870118498802185,0.3932693302631378,0.4853808581829071,0.5874723196029663,0.9948394298553467,1.0,1.0,1.0,0.00958067737519741,0.003511358518153429,0.010369529016315937,0.014301666989922523,0.052335914224386215,0.020822711288928986,0.05816570669412613,0.07284099608659744,0.46084630489349365,0.27324622869491577,0.5098096132278442,0.5617832541465759,0.20740042626857758,0.046875,0.203125,0.375,0.5575331449508667,0.30647024512290955,0.5873638987541199,0.7314993143081665,0.3976534605026245,0.10540925711393356,0.3333333432674408,0.7745966911315918
rm65_v0015,61404,-0.6298141479492188,-0.6107662916183472,-0.17270231246948242,0.6301858425140381,0.6192337274551392,0.8172976970672607,1.2599999904632568,1.2300000190734863,0.9900000095367432,1.534301996231079,16598,0.2703081232492997,0.4439283609390259,0.3213486075401306,0.4507575035095215,0.5561795830726624,0.9986928701400757,1.0,1.0,1.0,0.009898984804749489,0.0036637529265135527,0.011016134172677994,0.01427514012902975,0.05231885984539986,0.02577841654419899,0.05362158268690109,0.07756150513887405,0.46246999502182007,0.31865164637565613,0.49078139662742615,0.5784116983413696,0.1615443080663681,0.03125,0.140625,0.34375,0.5627995133399963,0.2684304714202881,0.605339765548706,0.7722797393798828,0.31677430868148804,0.10910894721746445,0.26726123690605164,0.5875696539878845
rm65_v0016,68552,-0.643365740776062,-0.6359423398971558,-0.29720452427864075,0.6466342210769653,0.474057674407959,0.9027954936027527,1.2899999618530273,1.1100000143051147,1.2000000476837158,1.7182800769805908,25830,0.37679425837320574,0.4841747581958771,0.36692890524864197,0.4918491840362549,0.5897353887557983,0.984902024269104,1.0,1.0,1.0,0.011100332252681255,0.004104395862668753,0.012292135506868362,0.01616106741130352,0.0582277849316597,0.026811543852090836,0.0628582090139389,0.08243188261985779,0.49104559421539307,0.3286171555519104,0.5321058034896851,0.5931069850921631,0.18009339272975922,0.046875,0.171875,0.328125,0.6219403147697449,0.33449649810791016,0.6689929962158203,0.7960429787635803,0.3885788321495056,0.10599979013204575,0.3352007567882538,0.7419984936714172
rm65_v0017,61017,-0.6306923031806946,-0.6306458711624146,-0.1131434217095375,0.6293076872825623,0.6293541193008423,0.8468565940856934,1.2599999904632568,1.2599999904632568,0.9600000381469727,1.5240960121154785,25787,0.42261992559450645,0.47427061200141907,0.37322187423706055,0.47195228934288025,0.5802794098854065,1.0,1.0,1.0,1.0,0.011607588268816471,0.003840831806883216,0.013196366839110851,0.016385994851589203,0.052070897072553635,0.020567944273352623,0.060051608830690384,0.06910615414381027,0.45935583114624023,0.2704276740550995,0.5172643065452576,0.5483606457710266,0.22464323043823242,0.046875,0.203125,0.4375,0.5170552134513855,0.32662391662597656,0.5233990550041199,0.6959612369537354,0.44017353653907776,0.12403473258018494,0.4113766849040985,0.8038369417190552
rm65_v0018,79376,-0.6445743441581726,-0.6454350352287292,-0.3372977674007416,0.6454256176948547,0.6445649266242981,0.8627022504806519,1.2899999618530273,1.2899999618530273,1.2000000476837158,1.9969199895858765,31633,0.39852096351542027,0.47564104199409485,0.35767650604248047,0.48340272903442383,0.5829353928565979,1.0,1.0,1.0,1.0,0.009890149347484112,0.002908045193180442,0.011082866229116917,0.014733454212546349,0.049359407275915146,0.02118474245071411,0.050377681851387024,0.07391854375600815,0.4488435983657837,0.2786804139614105,0.47418099641799927,0.5670860409736633,0.15666738152503967,0.046875,0.140625,0.296875,0.5415281653404236,0.31173351407051086,0.5695644021034241,0.6999825835227966,0.3694780468940735,0.10976426303386688,0.32929277420043945,0.667669951915741
rm65_v0019,119850,-0.7509583830833435,-0.7241882085800171,-0.4411802291870117,0.7490416169166565,0.7458118200302124,0.9388197660446167,1.5,1.4700000286102295,1.3799999952316284,3.0428998470306396,44803,0.373825615352524,0.48261338472366333,0.36695167422294617,0.4794640839099884,0.6058048009872437,0.9999881386756897,1.0,1.0,1.0,0.017881130799651146,0.005506071262061596,0.019691525027155876,0.026580434292554855,0.06326589733362198,0.02430480159819126,0.07145632803440094,0.08767778426408768,0.5069522261619568,0.3100605010986328,0.5647077560424805,0.608999490737915,0.20896340906620026,0.046875,0.203125,0.390625,0.4824480712413788,0.2636171877384186,0.5144326090812683,0.6332466006278992,0.4344790577888489,0.11396057903766632,0.41089069843292236,0.8058229684829712
rm65_v0020,88924,-0.6909705400466919,-0.5746363997459412,-0.40080758929252625,0.6890294551849365,0.6853635907173157,0.8891924023628235,1.3799999952316284,1.2599999904632568,1.2899999618530273,2.243051767349243,31265,0.3515923710134497,0.48939332365989685,0.3820059895515442,0.49391475319862366,0.5908275842666626,0.9962964057922363,1.0,1.0,1.0,0.015391441993415356,0.004645871464163065,0.016187215223908424,0.024430114775896072,0.060376908630132675,0.02436167560517788,0.06299981474876404,0.09354306757450104,0.4907477796077728,0.307440847158432,0.5309955477714539,0.6220399141311646,0.22609996795654297,0.0625,0.21875,0.390625,0.5340482592582703,0.34781867265701294,0.5681508183479309,0.6439022421836853,0.36438313126564026,0.0980580672621727,0.31008684635162354,0.700274646282196
rm65_v0021,71896,-0.6448153257369995,-0.6392019391059875,-0.2043132185935974,0.6451846361160278,0.6207980513572693,0.9056867957115173,1.2899999618530273,1.2599999904632568,1.1100000143051147,1.8041939735412598,29455,0.409688995215311,0.4727151393890381,0.37536007165908813,0.4731999337673187,0.5724392533302307,0.999523401260376,1.0,1.0,1.0,0.010803896933794022,0.0028649780433624983,0.012115451507270336,0.016186455264687538,0.05450477451086044,0.01534082181751728,0.06031795218586922,0.08298105001449585,0.4606751501560211,0.21661321818828583,0.5208922028541565,0.5936651229858398,0.2210792899131775,0.03125,0.1875,0.4375,0.5378175973892212,0.2585625946521759,0.5665237903594971,0.7382242679595947,0.37944331765174866,0.09950371831655502,0.33001649379730225,0.751236617565155
rm65_v0022,85050,-0.6581339836120605,-0.658434271812439,-0.3462654948234558,0.6618660688400269,0.6615657806396484,0.8837345242500305,1.3200000524520874,1.3200000524520874,1.2300000190734863,2.1431522369384766,35764,0.4205055849500294,0.4678107798099518,0.3570188283920288,0.4723363518714905,0.5682411789894104,1.0,1.0,1.0,1.0,0.013998983427882195,0.004173409193754196,0.015165848657488823,0.021471604704856873,0.05780554190278053,0.021428372710943222,0.05353660136461258,0.092477947473526,0.4784981608390808,0.2801668643951416,0.48947638273239136,0.6196812391281128,0.23480620980262756,0.046875,0.203125,0.484375,0.4710242450237274,0.280577689409256,0.48046526312828064,0.6439321637153625,0.3767416477203369,0.10101525485515594,0.31943827867507935,0.7354021668434143
rm65_v0023,73960,-0.6288449764251709,-0.6298958659172058,-0.3050815165042877,0.6311550140380859,0.630104124546051,0.8649184703826904,1.2599999904632568,1.2599999904632568,1.1699999570846558,1.8574919700622559,30318,0.4099242833964305,0.4959273636341095,0.3991553783416748,0.4930145740509033,0.5976008176803589,0.9968424439430237,1.0,1.0,1.0,0.0095174266025424,0.0030054766684770584,0.01051311194896698,0.013976850546896458,0.05112609639763832,0.019901389256119728,0.0581355020403862,0.06923528760671616,0.4552154839038849,0.2652973234653473,0.5107420682907104,0.5493794083595276,0.2225678712129593,0.046875,0.203125,0.4375,0.5085286498069763,0.32637491822242737,0.5147991180419922,0.673270583152771,0.4133777618408203,0.09950371831655502,0.3723088204860687,0.7960297465324402
rm65_v0024,63640,-0.6230982542037964,-0.6287729740142822,-0.32721152901649475,0.45690175890922546,0.6312270164489746,0.8427884578704834,1.0800000429153442,1.2599999904632568,1.1699999570846558,1.592136025428772,24187,0.38005971087366436,0.48849016427993774,0.37302711606025696,0.4875357449054718,0.6039180159568787,0.9932388067245483,1.0,1.0,1.0,0.010844049975275993,0.0036539090797305107,0.011638804338872433,0.016491351649165154,0.056150320917367935,0.023105615749955177,0.06173454597592354,0.0791253075003624,0.47785669565200806,0.2947934567928314,0.5245193839073181,0.5834668278694153,0.1858249008655548,0.046875,0.1875,0.3125,0.4741117060184479,0.26994284987449646,0.5009180307388306,0.609611988067627,0.3749481439590454,0.11396057903766632,0.34188172221183777,0.7025001645088196
rm65_v0025,94987,-0.6895071864128113,-0.6899352669715881,-0.36407631635665894,0.6904928088188171,0.6900647282600403,0.8959236741065979,1.3799999952316284,1.3799999952316284,1.2599999904632568,2.3995440006256104,40982,0.43144851400717993,0.4911011755466461,0.420619934797287,0.4891846179962158,0.5664262175559998,0.9959738254547119,1.0,1.0,1.0,0.012733645737171173,0.003787059336900711,0.01414398942142725,0.01874520257115364,0.0582900308072567,0.021462932229042053,0.06433291733264923,0.08461589366197586,0.48404762148857117,0.28214818239212036,0.5381445288658142,0.5989429950714111,0.24195683002471924,0.0625,0.234375,0.421875,0.5503766536712646,0.41850319504737854,0.5580326914787292,0.677200198173523,0.4298757016658783,0.09090909361839294,0.38569459319114685,0.8181818127632141
rm65_v0026,70262,-0.6314835548400879,-0.6290640830993652,-0.1994723081588745,0.628516435623169,0.6309359073638916,0.9105277061462402,1.2599999904632568,1.2599999904632568,1.1100000143051147,1.7622359991073608,31091,0.4425009251088782,0.4821873605251312,0.39324668049812317,0.4770488739013672,0.5808208584785461,0.9992659687995911,1.0,1.0,1.0,0.011589822359383106,0.0038482570089399815,0.012910247780382633,0.016719086095690727,0.051163867115974426,0.020990334451198578,0.05735823139548302,0.069050632417202,0.45579174160957336,0.27502501010894775,0.5061963796615601,0.5481649041175842,0.2305852174758911,0.0625,0.21875,0.421875,0.49853116273880005,0.3231661319732666,0.5097377896308899,0.6481369137763977,0.4214503765106201,0.10599979013204575,0.3821876645088196,0.8002808690071106
rm65_v0027,97152,-0.70501309633255,-0.6434118747711182,-0.32915958762168884,0.7049868702888489,0.7065881490707397,0.9608404040336609,1.409999966621399,1.350000023841858,1.2899999618530273,2.455514907836914,38738,0.39873600131752307,0.4671964943408966,0.3534305989742279,0.47462335228919983,0.5702886581420898,0.9997652769088745,1.0,1.0,1.0,0.013782153837382793,0.004191095009446144,0.015097477473318577,0.0206532534211874,0.057251423597335815,0.023456405848264694,0.0532858744263649,0.08971258997917175,0.48045510053634644,0.30059391260147095,0.4912875294685364,0.6130089163780212,0.1917230784893036,0.03125,0.15625,0.390625,0.4697575569152832,0.2600291967391968,0.4886789619922638,0.6447399854660034,0.33929911255836487,0.08574929088354111,0.28439822793006897,0.669723391532898
rm65_v0028,70262,-0.6291796565055847,-0.6398643255233765,-0.2382766604423523,0.6308203339576721,0.6201356649398804,0.8717233538627625,1.2599999904632568,1.2599999904632568,1.1100000143051147,1.7622359991073608,27976,0.3981668611767385,0.48102128505706787,0.38261711597442627,0.480485200881958,0.5811323523521423,0.999178409576416,1.0,1.0,1.0,0.010551541112363338,0.0035636688116937876,0.011116839945316315,0.01608782820403576,0.05374503135681152,0.02269122190773487,0.05887593328952789,0.07808472216129303,0.46576792001724243,0.2908737063407898,0.5136209726333618,0.5803227424621582,0.16690142452716827,0.046875,0.171875,0.28125,0.4543207883834839,0.24815329909324646,0.4755968749523163,0.6068974733352661,0.38891133666038513,0.11043152958154678,0.33129456639289856,0.7730206847190857
rm65_v0029,93104,-0.6770854592323303,-0.6754776835441589,-0.407937616109848,0.6729145646095276,0.674522340297699,0.8820623755455017,1.350000023841858,1.350000023841858,1.2899999618530273,2.351025104522705,39017,0.4190689981096408,0.4865170419216156,0.398965060710907,0.48604512214660645,0.5758317708969116,0.9997239708900452,1.0,1.0,1.0,0.011820554733276367,0.0030946857295930386,0.013304539024829865,0.017567910254001617,0.0558389276266098,0.020486757159233093,0.06297063827514648,0.07868592441082001,0.4754374325275421,0.27386054396629333,0.5328533053398132,0.5814146399497986,0.1887074112892151,0.046875,0.171875,0.34375,0.49595677852630615,0.32821035385131836,0.5080537796020508,0.6507833003997803,0.4456733763217926,0.10783277451992035,0.40347328782081604,0.8282792568206787
rm65_v0030,73960,-0.6263859272003174,-0.6303624510765076,-0.2840040624141693,0.6336140632629395,0.6296375393867493,0.8859959244728088,1.2599999904632568,1.2599999904632568,1.1699999570846558,1.8574919700622559,27487,0.37164683612763655,0.4619995653629303,0.3367237448692322,0.47008782625198364,0.5746710896492004,0.9997332096099854,1.0,1.0,1.0,0.008383738808333874,0.002598870312795043,0.008781230077147484,0.013415396213531494,0.0466415174305439,0.017629222944378853,0.04671309515833855,0.07771879434585571,0.42332834005355835,0.24109968543052673,0.4579470753669739,0.5781763195991516,0.1861453801393509,0.03125,0.140625,0.40625,0.46014565229415894,0.2268921583890915,0.4841098487377167,0.6613675951957703,0.3322191536426544,0.09950371831655502,0.28143900632858276,0.6524895429611206
rm65_v0031,99072,-0.7023147344589233,-0.7051540017127991,-0.2828338146209717,0.7076852321624756,0.7048459649085999,0.9771661758422852,1.409999966621399,1.409999966621399,1.2599999904632568,2.5050058364868164,42035,0.4242873869509044,0.4744164049625397,0.3817024528980255,0.46847420930862427,0.5798274874687195,1.0,1.0,1.0,1.0,0.01783202961087227,0.005391637794673443,0.019926737993955612,0.026134027168154716,0.062003158032894135,0.022854192182421684,0.06988020241260529,0.08673101663589478,0.49903666973114014,0.29433444142341614,0.5578805208206177,0.6052433848381042,0.23710040748119354,0.046875,0.21875,0.453125,0.5107951164245605,0.3048340380191803,0.5274993777275085,0.6721163988113403,0.45085641741752625,0.12403473258018494,0.42966893315315247,0.7942098379135132
rm65_v0032,92778,-0.6918908357620239,-0.6786929368972778,-0.2671998143196106,0.6881091594696045,0.7013070583343506,0.9628002047538757,1.3799999952316284,1.3799999952316284,1.2300000190734863,2.342411994934082,36869,0.3973894673306172,0.4895741045475006,0.397830992937088,0.4890497922897339,0.5871059894561768,0.9986851811408997,1.0,1.0,1.0,0.015341192483901978,0.004544034134596586,0.016460979357361794,0.02373957261443138,0.05992874130606651,0.017811723053455353,0.0672701820731163,0.08676748722791672,0.4876053035259247,0.24488012492656708,0.5478397607803345,0.60532546043396,0.21871481835842133,0.046875,0.21875,0.375,0.49551087617874146,0.30461111664772034,0.5165659189224243,0.6363109350204468,0.3907887935638428,0.09759000688791275,0.33806169033050537,0.7684245109558105
rm65_v0033,88872,-0.6762675642967224,-0.6753492951393127,-0.3176901340484619,0.6737324595451355,0.6746507287025452,0.9123098850250244,1.350000023841858,1.350000023841858,1.2300000190734863,2.2416751384735107,34552,0.38878386893509764,0.47581028938293457,0.37460991740226746,0.475968599319458,0.5785486698150635,0.9992761015892029,1.0,1.0,1.0,0.014116533100605011,0.004623387940227985,0.015437468886375427,0.021044082939624786,0.05537508428096771,0.022455165162682533,0.058381177484989166,0.08083361387252808,0.47325608134269714,0.290596604347229,0.5127143859863281,0.5880599617958069,0.18881821632385254,0.046875,0.1875,0.328125,0.4687161147594452,0.25295233726501465,0.49783530831336975,0.628844141960144,0.3976626396179199,0.1178511306643486,0.3535533845424652,0.7637625932693481
rm65_v0034,79376,-0.6423152685165405,-0.6445866227149963,-0.33573535084724426,0.6476846933364868,0.645413339138031,0.8642646670341492,1.2899999618530273,1.2899999618530273,1.2000000476837158,1.9969199895858765,34476,0.43433783511388835,0.49409741163253784,0.41506683826446533,0.49897581338882446,0.566095232963562,0.9879804253578186,1.0,1.0,1.0,0.009968825615942478,0.0028487881645560265,0.010943682864308357,0.01524568535387516,0.054484449326992035,0.018500521779060364,0.059641413390636444,0.0820145532488823,0.46483778953552246,0.25091129541397095,0.5180368423461914,0.5912539958953857,0.23143228888511658,0.0625,0.234375,0.390625,0.5306982398033142,0.4024930000305176,0.5378190875053406,0.6664016246795654,0.43014001846313477,0.10000000149011612,0.41231057047843933,0.7874007821083069
rm65_v0035,71632,-0.6485215425491333,-0.6467851996421814,-0.1887582391500473,0.641478419303894,0.643214762210846,0.8912417888641357,1.2899999618530273,1.2899999618530273,1.0800000429153442,1.7972279787063599,30645,0.42781159258431983,0.4804258644580841,0.37217363715171814,0.4745945930480957,0.6022215485572815,1.0,1.0,1.0,1.0,0.012300056405365467,0.00382441864348948,0.013989284634590149,0.017407648265361786,0.052511122077703476,0.020659368485212326,0.06097880378365517,0.06955092400312424,0.46208178997039795,0.27273598313331604,0.5216673612594604,0.5507699251174927,0.19924335181713104,0.046875,0.171875,0.40625,0.5056939721107483,0.2849554419517517,0.5119192600250244,0.7084044814109802,0.43415969610214233,0.125,0.3952847123146057,0.8003905415534973
rm65_v0036,88642,-0.686235785484314,-0.6902397274971008,-0.22577211260795593,0.663764238357544,0.6897602677345276,0.9742279052734375,1.350000023841858,1.3799999952316284,1.2000000476837158,2.235600233078003,37854,0.42704361363687643,0.461651474237442,0.3507818877696991,0.46910780668258667,0.5634686350822449,1.0,1.0,1.0,1.0,0.012326954863965511,0.003948704805225134,0.013001073151826859,0.01895543374121189,0.0561482273042202,0.02115374058485031,0.06063508987426758,0.0870625227689743,0.4708004295825958,0.27859562635421753,0.5247984528541565,0.6066983342170715,0.18746203184127808,0.03125,0.15625,0.390625,0.45584288239479065,0.22527241706848145,0.4713191092014313,0.6445839405059814,0.3861204981803894,0.10540925711393356,0.3333333432674408,0.7378647923469543
rm65_v0037,84640,-0.6786041855812073,-0.6754218339920044,-0.2697853147983551,0.6713958382606506,0.6745781898498535,0.900214672088623,1.350000023841858,1.350000023841858,1.1699999570846558,2.1323249340057373,36243,0.4282017958412098,0.4869423508644104,0.4078734219074249,0.4857289493083954,0.571462094783783,0.9983766078948975,1.0,1.0,1.0,0.011298494413495064,0.003807972650974989,0.012438246980309486,0.016580425202846527,0.049777690321207047,0.01970604993402958,0.05744650587439537,0.06794076412916183,0.4486933946609497,0.26334381103515625,0.5078464150428772,0.5447219610214233,0.19849996268749237,0.046875,0.1875,0.34375,0.4989374577999115,0.3096534311771393,0.511361300945282,0.6506624221801758,0.3932023048400879,0.09407208859920502,0.35198551416397095,0.7642452716827393
rm65_v0038,108045,-0.7204338312149048,-0.7203612327575684,-0.33584341406822205,0.7195662260055542,0.7196388244628906,0.984156608581543,1.440000057220459,1.440000057220459,1.3200000524520874,2.737152099609375,44037,0.4075801749271137,0.48625606298446655,0.3905888497829437,0.4872400760650635,0.5849604606628418,0.9968258142471313,1.0,1.0,1.0,0.017590787261724472,0.005635375622659922,0.018939627334475517,0.02681240439414978,0.06085297092795372,0.023746874183416367,0.06580301374197006,0.08975811302661896,0.4941166341304779,0.3039649724960327,0.5433304905891418,0.6134147047996521,0.2219390869140625,0.046875,0.21875,0.375,0.49215662479400635,0.2989596426486969,0.5111495852470398,0.6335505247116089,0.3893239498138428,0.09712858498096466,0.32213908433914185,0.7770286798477173
rm65_v0039,108045,-0.7174117565155029,-0.7211576700210571,-0.41595616936683655,0.722588300704956,0.7188423871994019,0.9040438532829285,1.440000057220459,1.440000057220459,1.3200000524520874,2.737152099609375,45776,0.4236753204683234,0.49093300104141235,0.40809956192970276,0.4877833127975464,0.58094322681427,0.99732905626297,1.0,1.0,1.0,0.015715893357992172,0.004966212436556816,0.01733119785785675,0.023287039250135422,0.06096959859132767,0.024120168760418892,0.06505933403968811,0.08957235515117645,0.4964856505393982,0.30730748176574707,0.5414755344390869,0.613601803779602,0.2129882425069809,0.046875,0.203125,0.375,0.4865460693836212,0.3036094903945923,0.5013803243637085,0.6323100328445435,0.39106136560440063,0.08908708393573761,0.35634833574295044,0.7663560509681702
rm65_v0040,83160,-0.6564627885818481,-0.6668901443481445,-0.29979193210601807,0.6335371732711792,0.6531099081039429,0.9302080869674683,1.2899999618530273,1.3200000524520874,1.2300000190734863,2.0944440364837646,34142,0.41055796055796057,0.46790310740470886,0.3552156090736389,0.4732404351234436,0.5749369859695435,1.0,1.0,1.0,1.0,0.013368325307965279,0.004034570883959532,0.014642365276813507,0.02020883746445179,0.05842093378305435,0.023808393627405167,0.05804381147027016,0.08979634195566177,0.4848182797431946,0.30371078848838806,0.5128973722457886,0.61334627866745,0.19330434501171112,0.046875,0.15625,0.390625,0.4537154734134674,0.2671688199043274,0.46697625517845154,0.6131584644317627,0.39751821756362915,0.1111111119389534,0.3513641953468323,0.7453559637069702
rm65_v0041,84640,-0.6732254028320312,-0.6750292181968689,-0.3009520471096039,0.6767746210098267,0.674970805644989,0.8690479397773743,1.350000023841858,1.350000023841858,1.1699999570846558,2.1323249340057373,35570,0.42025047258979203,0.46614912152290344,0.3602954149246216,0.4694047272205353,0.5672345757484436,0.9998910427093506,1.0,1.0,1.0,0.012893213890492916,0.0023852752055972815,0.014563835225999355,0.02010917104780674,0.05326090008020401,0.011122554540634155,0.06004451960325241,0.08180470764636993,0.4495697021484375,0.16771242022514343,0.5204004645347595,0.5905008316040039,0.21881765127182007,0.03125,0.1875,0.46875,0.4945822060108185,0.24498705565929413,0.5177269577980042,0.6780363321304321,0.37973013520240784,0.09407208859920502,0.32587528228759766,0.7584334015846252
rm65_v0042,81270,-0.6575520038604736,-0.6665376424789429,-0.3467608690261841,0.6624480485916138,0.593462347984314,0.8832391500473022,1.3200000524520874,1.2599999904632568,1.2300000190734863,2.045736074447632,32650,0.4017472622123785,0.49474290013313293,0.38984549045562744,0.4925724267959595,0.6049079298973083,0.9986980557441711,1.0,1.0,1.0,0.010587058961391449,0.003404933027923107,0.011759012937545776,0.015491664409637451,0.05664370581507683,0.022641852498054504,0.06352146714925766,0.07831761986017227,0.4808555841445923,0.2930223345756531,0.533845067024231,0.5806735754013062,0.19809436798095703,0.046875,0.1875,0.359375,0.49749335646629333,0.3232191801071167,0.5098214745521545,0.6535290479660034,0.39815986156463623,0.09407208859920502,0.35198551416397095,0.7642452716827393
rm65_v0043,64328,-0.640247106552124,-0.6455806493759155,-0.11605518311262131,0.6197528839111328,0.6444193124771118,0.8739448189735413,1.2599999904632568,1.2899999618530273,0.9900000095367432,1.609145998954773,26591,0.4133658748911827,0.4686848223209381,0.37404388189315796,0.47124314308166504,0.5643762350082397,0.9999879598617554,1.0,1.0,1.0,0.015073065645992756,0.006932148244231939,0.016432911157608032,0.020938292145729065,0.06041534245014191,0.02960713393986225,0.0661885067820549,0.08117865025997162,0.5012623071670532,0.3489396572113037,0.5427799820899963,0.5882678031921387,0.24495893716812134,0.03125,0.203125,0.515625,0.5500669479370117,0.23782935738563538,0.5835013389587402,0.7738723158836365,0.38848719000816345,0.10599979013204575,0.3352007567882538,0.7716901302337646
rm65_v0044,83472,-0.694520115852356,-0.7001572847366333,-0.14742062985897064,0.6854798793792725,0.7098426818847656,0.9325793981552124,1.3799999952316284,1.409999966621399,1.0800000429153442,2.101464033126831,32892,0.3940483036227717,0.45566076040267944,0.34512969851493835,0.46052026748657227,0.5590575933456421,0.9998763799667358,1.0,1.0,1.0,0.013844485394656658,0.005040501244366169,0.015388686209917068,0.01959080435335636,0.056152306497097015,0.02495698817074299,0.0639113038778305,0.07452940940856934,0.48160117864608765,0.31255868077278137,0.5339397192001343,0.5681884288787842,0.16769370436668396,0.03125,0.140625,0.34375,0.48615506291389465,0.24131320416927338,0.5048799514770508,0.6796013116836548,0.36925965547561646,0.0980580672621727,0.31008684635162354,0.7138735055923462
rm65_v0045,90988,-0.6729223728179932,-0.6743713617324829,-0.30707889795303345,0.6770776510238647,0.675628662109375,0.9529210925102234,1.350000023841858,1.350000023841858,1.2599999904632568,2.2963500022888184,38615,0.42439662373060183,0.49495577812194824,0.401041716337204,0.4939510226249695,0.5909283757209778,0.9956433773040771,1.0,1.0,1.0,0.012820874340832233,0.00373408873565495,0.014175808057188988,0.01925516128540039,0.05854456126689911,0.021152233704924583,0.06448445469141006,0.08488502353429794,0.484310120344162,0.2784593105316162,0.5378747582435608,0.5994784832000732,0.2337324321269989,0.0625,0.203125,0.46875,0.5086818337440491,0.3453069031238556,0.5100601315498352,0.6731377840042114,0.4157668352127075,0.09534625709056854,0.39312270283699036,0.7862454056739807
rm65_v0046,97196,-0.6984429359436035,-0.6939724683761597,-0.3579075038433075,0.6815570592880249,0.6860275268554688,0.9320924878120422,1.3799999952316284,1.3799999952316284,1.2899999618530273,2.4566760063171387,32268,0.3319889707395366,0.4753482937812805,0.35312944650650024,0.47580140829086304,0.5961804389953613,1.0,1.0,1.0,1.0,0.0166430976241827,0.005105144344270229,0.017974648624658585,0.02540995180606842,0.057855308055877686,0.024233000352978706,0.0664329007267952,0.07698206603527069,0.48767513036727905,0.30678272247314453,0.5443834662437439,0.5777930617332458,0.19952236115932465,0.046875,0.1875,0.375,0.45981675386428833,0.25160735845565796,0.49518823623657227,0.6099777221679688,0.43638983368873596,0.1428571492433548,0.4285714328289032,0.7693092823028564
rm65_v0047,101376,-0.7030557990074158,-0.7033056020736694,-0.34403160214424133,0.7069441676139832,0.7066943645477295,0.9459683895111084,1.409999966621399,1.409999966621399,1.2899999618530273,2.5646488666534424,43213,0.4262645991161616,0.4913996160030365,0.40905463695526123,0.4884377419948578,0.5761428475379944,0.9977656006813049,1.0,1.0,1.0,0.013970374129712582,0.004357961937785149,0.015359995886683464,0.0206441767513752,0.05763828381896019,0.02232629619538784,0.06448767334222794,0.08077573031187057,0.4842933416366577,0.29100844264030457,0.5381709933280945,0.5877317786216736,0.2155199944972992,0.0625,0.203125,0.390625,0.49885714054107666,0.3372451961040497,0.5076045989990234,0.643627405166626,0.440968781709671,0.09950371831655502,0.41026434302330017,0.8265399932861328
rm65_v0048,46740,-0.5168399214744568,-0.6008946299552917,-0.048526402562856674,0.593160092830658,0.5991054177284241,0.8214735984802246,1.1100000143051147,1.2000000476837158,0.8700000047683716,1.1588400602340698,16077,0.3439666238767651,0.4482870101928711,0.32948002219200134,0.4570018947124481,0.5554569959640503,0.9996821880340576,1.0,1.0,1.0,0.011646023951470852,0.00601148558780551,0.012705632485449314,0.01574927754700184,0.06329984962940216,0.04383673891425133,0.06600435823202133,0.07986632734537125,0.5231978297233582,0.44240614771842957,0.5419921278953552,0.585517168045044,0.15476107597351074,0.015625,0.109375,0.359375,0.47391411662101746,0.18173885345458984,0.4781421422958374,0.7650899291038513,0.31232747435569763,0.10369516909122467,0.2540002465248108,0.6307530999183655
rm65_v0049,92966,-0.6795793175697327,-0.6887355446815491,-0.38400906324386597,0.6704207062721252,0.6912644505500793,0.8759909272193909,1.350000023841858,1.3799999952316284,1.2599999904632568,2.3473799228668213,40720,0.43800959490566443,0.5022258758544922,0.41198864579200745,0.4957810640335083,0.6026871800422668,0.9968982338905334,1.0,1.0,1.0,0.015339168719947338,0.004567532800137997,0.016849733889102936,0.023096183314919472,0.06251666694879532,0.02180018275976181,0.06803175061941147,0.09253775328397751,0.49811041355133057,0.2829669415950775,0.5509406328201294,0.620209276676178,0.24310995638370514,0.0625,0.234375,0.4375,0.49792715907096863,0.3471241593360901,0.5023435354232788,0.6468043923377991,0.4407992660999298,0.09759000688791275,0.40237390995025635,0.8280786871910095
rm65_v0050,72240,-0.6277732253074646,-0.6065672039985657,-0.3478480875492096,0.6322267651557922,0.6234328150749207,0.8221518993377686,1.2599999904632568,1.2300000190734863,1.1699999570846558,1.8132659196853638,29116,0.4030454042081949,0.4921618103981018,0.40781593322753906,0.4888101816177368,0.5821346044540405,0.9950198531150818,1.0,1.0,1.0,0.009598429314792156,0.0029814974404871464,0.010541226714849472,0.014281831681728363,0.0517922043800354,0.02053237333893776,0.05612674355506897,0.07367247343063354,0.4576852321624756,0.2707619071006775,0.5007917284965515,0.5647817850112915,0.21596266329288483,0.046875,0.203125,0.390625,0.5123445391654968,0.32678157091140747,0.5370326638221741,0.6553879976272583,0.4039098620414734,0.09950371831655502,0.35876575112342834,0.7834930419921875
